#
# There is insufficient memory for the Java Runtime Environment to continue.
# Native memory allocation (malloc) failed to allocate 985792 bytes. Error detail: Chunk::new
# Possible reasons:
#   The system is out of physical RAM or swap space
#   This process is running with CompressedOops enabled, and the Java Heap may be blocking the growth of the native heap
# Possible solutions:
#   Reduce memory load on the system
#   Increase physical memory or swap space
#   Check if swap backing store is full
#   Decrease Java heap size (-Xmx/-Xms)
#   Decrease number of Java threads
#   Decrease Java thread stack sizes (-Xss)
#   Set larger code cache with -XX:ReservedCodeCacheSize=
#   JVM is running with Unscaled Compressed Oops mode in which the Java heap is
#     placed in the first 4GB address space. The Java Heap base address is the
#     maximum limit for the native heap growth. Please use -XX:HeapBaseMinAddress
#     to set the Java Heap base and to place the Java Heap above 4GB virtual address.
# This output file may be truncated or incomplete.
#
#  Out of Memory Error (arena.cpp:149), pid=14344, tid=14484
#
# JRE version: Java(TM) SE Runtime Environment (23.0.1+11) (build 23.0.1+11-39)
# Java VM: Java HotSpot(TM) 64-Bit Server VM (23.0.1+11-39, mixed mode, sharing, tiered, compressed oops, compressed class ptrs, g1 gc, windows-amd64)
# No core dump will be written. Minidumps are not enabled by default on client versions of Windows
#

---------------  S U M M A R Y ------------

Command Line: --add-opens=java.base/java.lang=ALL-UNNAMED --add-opens=java.base/java.lang.invoke=ALL-UNNAMED --add-opens=java.base/java.util=ALL-UNNAMED --add-opens=java.prefs/java.util.prefs=ALL-UNNAMED --add-exports=jdk.compiler/com.sun.tools.javac.api=ALL-UNNAMED --add-exports=jdk.compiler/com.sun.tools.javac.util=ALL-UNNAMED --add-opens=java.base/java.util=ALL-UNNAMED --add-opens=java.prefs/java.util.prefs=ALL-UNNAMED --add-opens=java.base/java.nio.charset=ALL-UNNAMED --add-opens=java.base/java.net=ALL-UNNAMED --add-opens=java.base/java.util.concurrent.atomic=ALL-UNNAMED --add-opens=java.xml/javax.xml.namespace=ALL-UNNAMED -XX:MaxMetaspaceSize=512m -XX:ReservedCodeCacheSize=256m -XX:+HeapDumpOnOutOfMemoryError -Xms512m -Xmx2048m -Dfile.encoding=UTF-8 -Duser.country=LY -Duser.language=ar -Duser.variant -javaagent:C:\Users\hp\.gradle\wrapper\dists\gradle-8.12-all\ejduaidbjup3bmmkhw3rie4zb\gradle-8.12\lib\agents\gradle-instrumentation-agent-8.12.jar org.gradle.launcher.daemon.bootstrap.GradleDaemon 8.12

Host: Intel(R) Core(TM) i5-4210M CPU @ 2.60GHz, 4 cores, 7G,  Windows 10 , 64 bit Build 19041 (10.0.19041.5915)
Time: Tue Jan  6 01:56:27 2026  Windows 10 , 64 bit Build 19041 (10.0.19041.5915) elapsed time: 74.443709 seconds (0d 0h 1m 14s)

---------------  T H R E A D  ---------------

Current thread (0x00000291e21e9450):  JavaThread "C2 CompilerThread0" daemon [_thread_in_native, id=14484, stack(0x000000c438300000,0x000000c438400000) (1024K)]


Current CompileTask:
C2:74443 15320       4       com.google.common.io.CountingInputStream::read (33 bytes)

Stack: [0x000000c438300000,0x000000c438400000]
Native frames: (J=compiled Java code, j=interpreted, Vv=VM code, C=native code)
V  [jvm.dll+0x6e08b9]  (no source info available)
V  [jvm.dll+0x87dc83]  (no source info available)
V  [jvm.dll+0x88010e]  (no source info available)
V  [jvm.dll+0x8807e3]  (no source info available)
V  [jvm.dll+0x27aee6]  (no source info available)
V  [jvm.dll+0xbc06f]  (no source info available)
V  [jvm.dll+0xbc2cb]  (no source info available)
V  [jvm.dll+0x3b3a9c]  (no source info available)
V  [jvm.dll+0x38a42b]  (no source info available)
V  [jvm.dll+0x38989a]  (no source info available)
V  [jvm.dll+0x244aa1]  (no source info available)
V  [jvm.dll+0x243dff]  (no source info available)
V  [jvm.dll+0x1c33a0]  (no source info available)
V  [jvm.dll+0x253cf1]  (no source info available)
V  [jvm.dll+0x251faa]  (no source info available)
V  [jvm.dll+0x3ee036]  (no source info available)
V  [jvm.dll+0x824f8b]  (no source info available)
V  [jvm.dll+0x6df065]  (no source info available)
C  [ucrtbase.dll+0x21bb2]  (no source info available)
C  [KERNEL32.DLL+0x17374]  (no source info available)
C  [ntdll.dll+0x4cc91]  (no source info available)

Lock stack of current Java thread (top to bottom):


---------------  P R O C E S S  ---------------

Threads class SMR info:
_java_thread_list=0x0000029188f14840, length=89, elements={
0x00000291c28e27f0, 0x00000291e21d3370, 0x00000291e21d4440, 0x00000291e21d75a0,
0x00000291e21d91c0, 0x00000291e21d9dd0, 0x00000291e21e29f0, 0x00000291e21e9450,
0x00000291e21ea0b0, 0x00000291e22f64e0, 0x00000291e23fcc70, 0x00000291ff02f770,
0x00000291ff1dd9b0, 0x00000291ff0c8d20, 0x00000291fee86820, 0x00000291ff384d30,
0x00000291fee75790, 0x00000291ff2d6000, 0x00000291ff2d4c50, 0x00000291ff2d7a40,
0x00000291ff2d5970, 0x00000291ff2d45c0, 0x00000291ff2d52e0, 0x00000291ff2d6d20,
0x00000291ffc5c590, 0x00000291ffc5dfd0, 0x00000291ffc5f380, 0x00000291ffc5ab50,
0x00000291ffc5e660, 0x00000291ffc583f0, 0x00000291ffc5ecf0, 0x00000291ffc5a4c0,
0x00000291ffc5b870, 0x00000291ffc5b1e0, 0x00000291866d9450, 0x00000291866ddc80,
0x00000291866d8730, 0x00000291866da800, 0x00000291866dd5f0, 0x00000291866dc8d0,
0x00000291866df6c0, 0x00000291866db520, 0x00000291866dcf60, 0x00000291ff6483b0,
0x00000291ff643b80, 0x00000291ff6427d0, 0x00000291ff6455c0, 0x00000291ff646970,
0x000002918614e7e0, 0x000002918614b360, 0x000002918614c710, 0x000002918614ee70,
0x000002918614dac0, 0x000002918614c080, 0x0000029186150220, 0x00000291861508b0,
0x000002918614cda0, 0x000002918614d430, 0x0000029186150f40, 0x00000291861515d0,
0x00000291e27679a0, 0x00000291e2768030, 0x00000291e2764520, 0x00000291e2765f60,
0x00000291e2763800, 0x00000291e2764bb0, 0x00000291e27658d0, 0x00000291e2767310,
0x00000291e2766c80, 0x00000291e2762ae0, 0x00000291e27693e0, 0x00000291e2763170,
0x00000291e2765240, 0x000002918686d1b0, 0x000002918686e560, 0x000002918686ebf0,
0x000002918686f280, 0x000002918686b770, 0x000002918686a3c0, 0x00000291861a8ba0,
0x000002918506d930, 0x000002918506d2a0, 0x000002918506b860, 0x000002918506dfc0,
0x000002918506b1d0, 0x000002918506fa00, 0x00000291850727f0, 0x0000029185070090,
0x000002918506c580
}

Java Threads: ( => current thread )
  0x00000291c28e27f0 JavaThread "main"                              [_thread_blocked, id=13768, stack(0x000000c437500000,0x000000c437600000) (1024K)]
  0x00000291e21d3370 JavaThread "Reference Handler"          daemon [_thread_blocked, id=11772, stack(0x000000c437d00000,0x000000c437e00000) (1024K)]
  0x00000291e21d4440 JavaThread "Finalizer"                  daemon [_thread_blocked, id=14840, stack(0x000000c437e00000,0x000000c437f00000) (1024K)]
  0x00000291e21d75a0 JavaThread "Signal Dispatcher"          daemon [_thread_blocked, id=7184, stack(0x000000c437f00000,0x000000c438000000) (1024K)]
  0x00000291e21d91c0 JavaThread "Attach Listener"            daemon [_thread_blocked, id=15092, stack(0x000000c438000000,0x000000c438100000) (1024K)]
  0x00000291e21d9dd0 JavaThread "Service Thread"             daemon [_thread_blocked, id=12688, stack(0x000000c438100000,0x000000c438200000) (1024K)]
  0x00000291e21e29f0 JavaThread "Monitor Deflation Thread"   daemon [_thread_blocked, id=2268, stack(0x000000c438200000,0x000000c438300000) (1024K)]
=>0x00000291e21e9450 JavaThread "C2 CompilerThread0"         daemon [_thread_in_native, id=14484, stack(0x000000c438300000,0x000000c438400000) (1024K)]
  0x00000291e21ea0b0 JavaThread "C1 CompilerThread0"         daemon [_thread_blocked, id=7232, stack(0x000000c438400000,0x000000c438500000) (1024K)]
  0x00000291e22f64e0 JavaThread "Common-Cleaner"             daemon [_thread_blocked, id=8592, stack(0x000000c438500000,0x000000c438600000) (1024K)]
  0x00000291e23fcc70 JavaThread "Notification Thread"        daemon [_thread_blocked, id=184, stack(0x000000c438700000,0x000000c438800000) (1024K)]
  0x00000291ff02f770 JavaThread "Daemon health stats"               [_thread_blocked, id=13384, stack(0x000000c438b00000,0x000000c438c00000) (1024K)]
  0x00000291ff1dd9b0 JavaThread "Incoming local TCP Connector on port 9230"        [_thread_in_native, id=6828, stack(0x000000c438c00000,0x000000c438d00000) (1024K)]
  0x00000291ff0c8d20 JavaThread "Daemon periodic checks"            [_thread_blocked, id=13896, stack(0x000000c438d00000,0x000000c438e00000) (1024K)]
  0x00000291fee86820 JavaThread "Daemon"                            [_thread_blocked, id=12708, stack(0x000000c438e00000,0x000000c438f00000) (1024K)]
  0x00000291ff384d30 JavaThread "Handler for socket connection from /127.0.0.1:9230 to /127.0.0.1:9231"        [_thread_in_native, id=6304, stack(0x000000c438f00000,0x000000c439000000) (1024K)]
  0x00000291fee75790 JavaThread "Cancel handler"                    [_thread_blocked, id=5604, stack(0x000000c439000000,0x000000c439100000) (1024K)]
  0x00000291ff2d6000 JavaThread "Daemon worker"                     [_thread_in_native, id=1008, stack(0x000000c439100000,0x000000c439200000) (1024K)]
  0x00000291ff2d4c50 JavaThread "Asynchronous log dispatcher for DefaultDaemonConnection: socket connection from /127.0.0.1:9230 to /127.0.0.1:9231"        [_thread_blocked, id=11944, stack(0x000000c439200000,0x000000c439300000) (1024K)]
  0x00000291ff2d7a40 JavaThread "Stdin handler"                     [_thread_blocked, id=12760, stack(0x000000c439300000,0x000000c439400000) (1024K)]
  0x00000291ff2d5970 JavaThread "Daemon client event forwarder"        [_thread_blocked, id=13512, stack(0x000000c439400000,0x000000c439500000) (1024K)]
  0x00000291ff2d45c0 JavaThread "Cache worker for journal cache (C:\Users\hp\.gradle\caches\journal-1)"        [_thread_blocked, id=15312, stack(0x000000c439500000,0x000000c439600000) (1024K)]
  0x00000291ff2d52e0 JavaThread "File lock request listener"        [_thread_in_native, id=6348, stack(0x000000c439600000,0x000000c439700000) (1024K)]
  0x00000291ff2d6d20 JavaThread "Cache worker for file hash cache (C:\Users\hp\.gradle\caches\8.12\fileHashes)"        [_thread_blocked, id=7264, stack(0x000000c439700000,0x000000c439800000) (1024K)]
  0x00000291ffc5c590 JavaThread "Cache worker for file hash cache (C:\Users\hp\AndroidStudioProjects\skillup_libya\android\.gradle\8.12\fileHashes)"        [_thread_blocked, id=8680, stack(0x000000c439800000,0x000000c439900000) (1024K)]
  0x00000291ffc5dfd0 JavaThread "Cache worker for Build Output Cleanup Cache (C:\Users\hp\AndroidStudioProjects\skillup_libya\android\.gradle\buildOutputCleanup)"        [_thread_blocked, id=3776, stack(0x000000c439900000,0x000000c439a00000) (1024K)]
  0x00000291ffc5f380 JavaThread "File watcher server"        daemon [_thread_in_native, id=10672, stack(0x000000c439a00000,0x000000c439b00000) (1024K)]
  0x00000291ffc5ab50 JavaThread "File watcher consumer"      daemon [_thread_blocked, id=1208, stack(0x000000c439b00000,0x000000c439c00000) (1024K)]
  0x00000291ffc5e660 JavaThread "jar transforms"                    [_thread_blocked, id=6776, stack(0x000000c439c00000,0x000000c439d00000) (1024K)]
  0x00000291ffc583f0 JavaThread "jar transforms Thread 2"           [_thread_blocked, id=4176, stack(0x000000c439d00000,0x000000c439e00000) (1024K)]
  0x00000291ffc5ecf0 JavaThread "jar transforms Thread 3"           [_thread_blocked, id=6308, stack(0x000000c439e00000,0x000000c439f00000) (1024K)]
  0x00000291ffc5a4c0 JavaThread "jar transforms Thread 4"           [_thread_blocked, id=5016, stack(0x000000c439f00000,0x000000c43a000000) (1024K)]
  0x00000291ffc5b870 JavaThread "Cache worker for checksums cache (C:\Users\hp\AndroidStudioProjects\skillup_libya\android\.gradle\8.12\checksums)"        [_thread_blocked, id=1760, stack(0x000000c43a000000,0x000000c43a100000) (1024K)]
  0x00000291ffc5b1e0 JavaThread "Cache worker for file content cache (C:\Users\hp\.gradle\caches\8.12\fileContent)"        [_thread_blocked, id=11032, stack(0x000000c43a100000,0x000000c43a200000) (1024K)]
  0x00000291866d9450 JavaThread "Cache worker for cache directory md-rule (C:\Users\hp\.gradle\caches\8.12\md-rule)"        [_thread_blocked, id=2632, stack(0x000000c43a200000,0x000000c43a300000) (1024K)]
  0x00000291866ddc80 JavaThread "Cache worker for cache directory md-supplier (C:\Users\hp\.gradle\caches\8.12\md-supplier)"        [_thread_blocked, id=3136, stack(0x000000c43a300000,0x000000c43a400000) (1024K)]
  0x00000291866d8730 JavaThread "Cache worker for Build Output Cleanup Cache (C:\Users\hp\Documents\flutter\packages\flutter_tools\gradle\.gradle\buildOutputCleanup)"        [_thread_blocked, id=8728, stack(0x000000c43a400000,0x000000c43a500000) (1024K)]
  0x00000291866da800 JavaThread "Unconstrained build operations"        [_thread_blocked, id=8328, stack(0x000000c43a500000,0x000000c43a600000) (1024K)]
  0x00000291866dd5f0 JavaThread "Unconstrained build operations Thread 2"        [_thread_blocked, id=14128, stack(0x000000c43a600000,0x000000c43a700000) (1024K)]
  0x00000291866dc8d0 JavaThread "Unconstrained build operations Thread 3"        [_thread_blocked, id=1472, stack(0x000000c43a700000,0x000000c43a800000) (1024K)]
  0x00000291866df6c0 JavaThread "Unconstrained build operations Thread 4"        [_thread_blocked, id=8744, stack(0x000000c43a800000,0x000000c43a900000) (1024K)]
  0x00000291866db520 JavaThread "Unconstrained build operations Thread 5"        [_thread_blocked, id=208, stack(0x000000c43a900000,0x000000c43aa00000) (1024K)]
  0x00000291866dcf60 JavaThread "Unconstrained build operations Thread 6"        [_thread_blocked, id=7352, stack(0x000000c43aa00000,0x000000c43ab00000) (1024K)]
  0x00000291ff6483b0 JavaThread "Unconstrained build operations Thread 7"        [_thread_blocked, id=1484, stack(0x000000c43ab00000,0x000000c43ac00000) (1024K)]
  0x00000291ff643b80 JavaThread "Unconstrained build operations Thread 8"        [_thread_blocked, id=480, stack(0x000000c43ac00000,0x000000c43ad00000) (1024K)]
  0x00000291ff6427d0 JavaThread "Unconstrained build operations Thread 9"        [_thread_blocked, id=3960, stack(0x000000c43ad00000,0x000000c43ae00000) (1024K)]
  0x00000291ff6455c0 JavaThread "Memory manager"                    [_thread_blocked, id=11652, stack(0x000000c43ae00000,0x000000c43af00000) (1024K)]
  0x00000291ff646970 JavaThread "build event listener"              [_thread_blocked, id=7776, stack(0x000000c43af00000,0x000000c43b000000) (1024K)]
  0x000002918614e7e0 JavaThread "included builds"                   [_thread_blocked, id=15224, stack(0x000000c43b000000,0x000000c43b100000) (1024K)]
  0x000002918614b360 JavaThread "Execution worker"                  [_thread_blocked, id=13180, stack(0x000000c43b100000,0x000000c43b200000) (1024K)]
  0x000002918614c710 JavaThread "Execution worker Thread 2"         [_thread_blocked, id=6664, stack(0x000000c43b200000,0x000000c43b300000) (1024K)]
  0x000002918614ee70 JavaThread "Execution worker Thread 3"         [_thread_blocked, id=13064, stack(0x000000c43b300000,0x000000c43b400000) (1024K)]
  0x000002918614dac0 JavaThread "Cache worker for execution history cache (C:\Users\hp\Documents\flutter\packages\flutter_tools\gradle\.gradle\8.12\executionHistory)"        [_thread_blocked, id=3368, stack(0x000000c43b400000,0x000000c43b500000) (1024K)]
  0x000002918614c080 JavaThread "Unconstrained build operations Thread 10"        [_thread_blocked, id=11896, stack(0x000000c43b500000,0x000000c43b600000) (1024K)]
  0x0000029186150220 JavaThread "Unconstrained build operations Thread 11"        [_thread_blocked, id=8844, stack(0x000000c43b600000,0x000000c43b700000) (1024K)]
  0x00000291861508b0 JavaThread "Unconstrained build operations Thread 12"        [_thread_blocked, id=12524, stack(0x000000c43b700000,0x000000c43b800000) (1024K)]
  0x000002918614cda0 JavaThread "Unconstrained build operations Thread 13"        [_thread_blocked, id=3948, stack(0x000000c43b800000,0x000000c43b900000) (1024K)]
  0x000002918614d430 JavaThread "Unconstrained build operations Thread 14"        [_thread_blocked, id=13540, stack(0x000000c43b900000,0x000000c43ba00000) (1024K)]
  0x0000029186150f40 JavaThread "Unconstrained build operations Thread 15"        [_thread_blocked, id=2932, stack(0x000000c43ba00000,0x000000c43bb00000) (1024K)]
  0x00000291861515d0 JavaThread "Unconstrained build operations Thread 16"        [_thread_blocked, id=4152, stack(0x000000c43bb00000,0x000000c43bc00000) (1024K)]
  0x00000291e27679a0 JavaThread "Unconstrained build operations Thread 17"        [_thread_blocked, id=7556, stack(0x000000c43bc00000,0x000000c43bd00000) (1024K)]
  0x00000291e2768030 JavaThread "Unconstrained build operations Thread 18"        [_thread_blocked, id=11116, stack(0x000000c43bd00000,0x000000c43be00000) (1024K)]
  0x00000291e2764520 JavaThread "Unconstrained build operations Thread 19"        [_thread_blocked, id=8016, stack(0x000000c43be00000,0x000000c43bf00000) (1024K)]
  0x00000291e2765f60 JavaThread "Unconstrained build operations Thread 20"        [_thread_blocked, id=4724, stack(0x000000c43bf00000,0x000000c43c000000) (1024K)]
  0x00000291e2763800 JavaThread "WorkerExecutor Queue"              [_thread_blocked, id=2828, stack(0x000000c43c000000,0x000000c43c100000) (1024K)]
  0x00000291e2764bb0 JavaThread "RMI Scheduler(0)"           daemon [_thread_blocked, id=12580, stack(0x000000c438600000,0x000000c438700000) (1024K)]
  0x00000291e27658d0 JavaThread "RMI GC Daemon"              daemon [_thread_blocked, id=11604, stack(0x000000c43c200000,0x000000c43c300000) (1024K)]
  0x00000291e2767310 JavaThread "RMI TCP Accept-0"           daemon [_thread_in_native, id=6296, stack(0x000000c43c300000,0x000000c43c400000) (1024K)]
  0x00000291e2766c80 JavaThread "RMI Reaper"                        [_thread_blocked, id=9880, stack(0x000000c43c400000,0x000000c43c500000) (1024K)]
  0x00000291e2762ae0 JavaThread "RMI TCP Connection(2)-127.0.0.1" daemon [_thread_in_native, id=10120, stack(0x000000c43c600000,0x000000c43c700000) (1024K)]
  0x00000291e27693e0 JavaThread "Unconstrained build operations Thread 21"        [_thread_blocked, id=2064, stack(0x000000c43c900000,0x000000c43ca00000) (1024K)]
  0x00000291e2763170 JavaThread "Unconstrained build operations Thread 22"        [_thread_blocked, id=8300, stack(0x000000c43ca00000,0x000000c43cb00000) (1024K)]
  0x00000291e2765240 JavaThread "Unconstrained build operations Thread 23"        [_thread_blocked, id=1964, stack(0x000000c43cb00000,0x000000c43cc00000) (1024K)]
  0x000002918686d1b0 JavaThread "Unconstrained build operations Thread 24"        [_thread_blocked, id=10912, stack(0x000000c43cc00000,0x000000c43cd00000) (1024K)]
  0x000002918686e560 JavaThread "Unconstrained build operations Thread 25"        [_thread_blocked, id=5012, stack(0x000000c43cd00000,0x000000c43ce00000) (1024K)]
  0x000002918686ebf0 JavaThread "Unconstrained build operations Thread 26"        [_thread_blocked, id=12048, stack(0x000000c43ce00000,0x000000c43cf00000) (1024K)]
  0x000002918686f280 JavaThread "Unconstrained build operations Thread 27"        [_thread_blocked, id=4840, stack(0x000000c43cf00000,0x000000c43d000000) (1024K)]
  0x000002918686b770 JavaThread "Unconstrained build operations Thread 28"        [_thread_blocked, id=4528, stack(0x000000c43d000000,0x000000c43d100000) (1024K)]
  0x000002918686a3c0 JavaThread "Unconstrained build operations Thread 29"        [_thread_blocked, id=9248, stack(0x000000c43d100000,0x000000c43d200000) (1024K)]
  0x00000291861a8ba0 JavaThread "build event listener"              [_thread_blocked, id=10052, stack(0x000000c43c100000,0x000000c43c200000) (1024K)]
  0x000002918506d930 JavaThread "File lock release action executor"        [_thread_blocked, id=14752, stack(0x000000c437200000,0x000000c437300000) (1024K)]
  0x000002918506d2a0 JavaThread "pool-3-thread-1"                   [_thread_blocked, id=7320, stack(0x000000c437300000,0x000000c437400000) (1024K)]
  0x000002918506b860 JavaThread "Unconstrained build operations Thread 30"        [_thread_blocked, id=13052, stack(0x000000c437400000,0x000000c437500000) (1024K)]
  0x000002918506dfc0 JavaThread "Unconstrained build operations Thread 31"        [_thread_blocked, id=3240, stack(0x000000c43c800000,0x000000c43c900000) (1024K)]
  0x000002918506b1d0 JavaThread "Unconstrained build operations Thread 32"        [_thread_blocked, id=15100, stack(0x000000c43d200000,0x000000c43d300000) (1024K)]
  0x000002918506fa00 JavaThread "Unconstrained build operations Thread 33"        [_thread_blocked, id=3192, stack(0x000000c43d300000,0x000000c43d400000) (1024K)]
  0x00000291850727f0 JavaThread "Unconstrained build operations Thread 34"        [_thread_blocked, id=8832, stack(0x000000c43d400000,0x000000c43d500000) (1024K)]
  0x0000029185070090 JavaThread "Unconstrained build operations Thread 35"        [_thread_blocked, id=12072, stack(0x000000c43d500000,0x000000c43d600000) (1024K)]
  0x000002918506c580 JavaThread "Unconstrained build operations Thread 36"        [_thread_blocked, id=3708, stack(0x000000c43d600000,0x000000c43d700000) (1024K)]
Total: 89

Other Threads:
  0x00000291e20de780 VMThread "VM Thread"                           [id=9168, stack(0x000000c437c00000,0x000000c437d00000) (1024K)]
  0x00000291e21bca00 WatcherThread "VM Periodic Task Thread"        [id=2952, stack(0x000000c437b00000,0x000000c437c00000) (1024K)]
  0x00000291c4bbdce0 WorkerThread "GC Thread#0"                     [id=13936, stack(0x000000c437600000,0x000000c437700000) (1024K)]
  0x00000291e2bfba60 WorkerThread "GC Thread#1"                     [id=8968, stack(0x000000c438800000,0x000000c438900000) (1024K)]
  0x00000291e2bfbe10 WorkerThread "GC Thread#2"                     [id=12512, stack(0x000000c438900000,0x000000c438a00000) (1024K)]
  0x00000291e27bc750 WorkerThread "GC Thread#3"                     [id=8052, stack(0x000000c438a00000,0x000000c438b00000) (1024K)]
  0x00000291c4bd3e00 ConcurrentGCThread "G1 Main Marker"            [id=520, stack(0x000000c437700000,0x000000c437800000) (1024K)]
  0x00000291c4bd4fc0 WorkerThread "G1 Conc#0"                       [id=14244, stack(0x000000c437800000,0x000000c437900000) (1024K)]
  0x00000291e207e050 ConcurrentGCThread "G1 Refine#0"               [id=12684, stack(0x000000c437900000,0x000000c437a00000) (1024K)]
  0x00000291e207eae0 ConcurrentGCThread "G1 Service"                [id=14376, stack(0x000000c437a00000,0x000000c437b00000) (1024K)]
Total: 10

Threads with active compile tasks:
C2 CompilerThread0  74578 15320       4       com.google.common.io.CountingInputStream::read (33 bytes)
Total: 1

VM state: not at safepoint (normal execution)

VM Mutex/Monitor currently owned by a thread: None

Heap address: 0x0000000080000000, size: 2048 MB, Compressed Oops mode: 32-bit

CDS archive(s) mapped at: [0x00000291e3000000-0x00000291e3d70000-0x00000291e3d70000), size 14090240, SharedBaseAddress: 0x00000291e3000000, ArchiveRelocationMode: 1.
Compressed class space mapped at: 0x00000291e4000000-0x00000291fe000000, reserved size: 436207616
Narrow klass base: 0x00000291e3000000, Narrow klass shift: 0, Narrow klass range: 0x1b000000

GC Precious Log:
 CardTable entry size: 512
 Card Set container configuration: InlinePtr #cards 5 size 8 Array Of Cards #cards 10 size 36 Howl #buckets 4 coarsen threshold 1843 Howl Bitmap #cards 512 size 80 coarsen threshold 460 Card regions per heap region 1 cards per card region 2048
 CPUs: 4 total, 4 available
 Memory: 8105M
 Large Page Support: Disabled
 NUMA Support: Disabled
 Compressed Oops: Enabled (32-bit)
 Heap Region Size: 1M
 Heap Min Capacity: 512M
 Heap Initial Capacity: 512M
 Heap Max Capacity: 2G
 Pre-touch: Disabled
 Parallel Workers: 4
 Concurrent Workers: 1
 Concurrent Refinement Workers: 4
 Periodic GC: Disabled

Heap:
 garbage-first heap   total reserved 2097152K, committed 524288K, used 251392K [0x0000000080000000, 0x0000000100000000)
  region size 1024K, 159 young (162816K), 31 survivors (31744K)
 Metaspace       used 117466K, committed 120000K, reserved 557056K
  class space    used 16642K, committed 17856K, reserved 425984K

Heap Regions: E=young(eden), S=young(survivor), O=old, HS=humongous(starts), HC=humongous(continues), CS=collection set, F=free, TAMS=top-at-mark-start, PB=parsable bottom
|   0|0x0000000080000000, 0x0000000080100000, 0x0000000080100000|100%| O|  |TAMS 0x0000000080000000| PB 0x0000000080000000| Untracked |  0
|   1|0x0000000080100000, 0x0000000080200000, 0x0000000080200000|100%| O|  |TAMS 0x0000000080100000| PB 0x0000000080100000| Untracked |  0
|   2|0x0000000080200000, 0x0000000080300000, 0x0000000080300000|100%|HS|  |TAMS 0x0000000080200000| PB 0x0000000080200000| Complete |  0
|   3|0x0000000080300000, 0x0000000080400000, 0x0000000080400000|100%|HC|  |TAMS 0x0000000080300000| PB 0x0000000080300000| Complete |  0
|   4|0x0000000080400000, 0x0000000080500000, 0x0000000080500000|100%|HC|  |TAMS 0x0000000080400000| PB 0x0000000080400000| Complete |  0
|   5|0x0000000080500000, 0x0000000080600000, 0x0000000080600000|100%| O|  |TAMS 0x0000000080500000| PB 0x0000000080500000| Untracked |  0
|   6|0x0000000080600000, 0x0000000080700000, 0x0000000080700000|100%| O|  |TAMS 0x0000000080600000| PB 0x0000000080600000| Untracked |  0
|   7|0x0000000080700000, 0x0000000080800000, 0x0000000080800000|100%| O|  |TAMS 0x0000000080700000| PB 0x0000000080700000| Untracked |  0
|   8|0x0000000080800000, 0x0000000080900000, 0x0000000080900000|100%| O|  |TAMS 0x0000000080800000| PB 0x0000000080800000| Untracked |  0
|   9|0x0000000080900000, 0x0000000080a00000, 0x0000000080a00000|100%| O|  |TAMS 0x0000000080900000| PB 0x0000000080900000| Untracked |  0
|  10|0x0000000080a00000, 0x0000000080b00000, 0x0000000080b00000|100%| O|  |TAMS 0x0000000080a00000| PB 0x0000000080a00000| Untracked |  0
|  11|0x0000000080b00000, 0x0000000080c00000, 0x0000000080c00000|100%|HS|  |TAMS 0x0000000080b00000| PB 0x0000000080b00000| Complete |  0
|  12|0x0000000080c00000, 0x0000000080d00000, 0x0000000080d00000|100%| O|  |TAMS 0x0000000080c00000| PB 0x0000000080c00000| Untracked |  0
|  13|0x0000000080d00000, 0x0000000080e00000, 0x0000000080e00000|100%| O|  |TAMS 0x0000000080d00000| PB 0x0000000080d00000| Untracked |  0
|  14|0x0000000080e00000, 0x0000000080f00000, 0x0000000080f00000|100%| O|  |TAMS 0x0000000080e00000| PB 0x0000000080e00000| Untracked |  0
|  15|0x0000000080f00000, 0x0000000081000000, 0x0000000081000000|100%| O|  |TAMS 0x0000000080f00000| PB 0x0000000080f00000| Untracked |  0
|  16|0x0000000081000000, 0x0000000081100000, 0x0000000081100000|100%| O|  |TAMS 0x0000000081000000| PB 0x0000000081000000| Untracked |  0
|  17|0x0000000081100000, 0x0000000081200000, 0x0000000081200000|100%| O|  |TAMS 0x0000000081100000| PB 0x0000000081100000| Untracked |  0
|  18|0x0000000081200000, 0x0000000081300000, 0x0000000081300000|100%| O|  |TAMS 0x0000000081200000| PB 0x0000000081200000| Untracked |  0
|  19|0x0000000081300000, 0x0000000081400000, 0x0000000081400000|100%| O|  |TAMS 0x0000000081300000| PB 0x0000000081300000| Untracked |  0
|  20|0x0000000081400000, 0x0000000081500000, 0x0000000081500000|100%| O|  |TAMS 0x0000000081400000| PB 0x0000000081400000| Untracked |  0
|  21|0x0000000081500000, 0x0000000081600000, 0x0000000081600000|100%| O|  |TAMS 0x0000000081500000| PB 0x0000000081500000| Untracked |  0
|  22|0x0000000081600000, 0x0000000081700000, 0x0000000081700000|100%| O|  |TAMS 0x0000000081600000| PB 0x0000000081600000| Untracked |  0
|  23|0x0000000081700000, 0x0000000081800000, 0x0000000081800000|100%| O|  |TAMS 0x0000000081700000| PB 0x0000000081700000| Untracked |  0
|  24|0x0000000081800000, 0x0000000081900000, 0x0000000081900000|100%| O|  |TAMS 0x0000000081800000| PB 0x0000000081800000| Untracked |  0
|  25|0x0000000081900000, 0x0000000081a00000, 0x0000000081a00000|100%| O|  |TAMS 0x0000000081900000| PB 0x0000000081900000| Untracked |  0
|  26|0x0000000081a00000, 0x0000000081b00000, 0x0000000081b00000|100%| O|  |TAMS 0x0000000081a00000| PB 0x0000000081a00000| Untracked |  0
|  27|0x0000000081b00000, 0x0000000081c00000, 0x0000000081c00000|100%| O|  |TAMS 0x0000000081b00000| PB 0x0000000081b00000| Untracked |  0
|  28|0x0000000081c00000, 0x0000000081d00000, 0x0000000081d00000|100%| O|  |TAMS 0x0000000081c00000| PB 0x0000000081c00000| Untracked |  0
|  29|0x0000000081d00000, 0x0000000081e00000, 0x0000000081e00000|100%| O|  |TAMS 0x0000000081d00000| PB 0x0000000081d00000| Untracked |  0
|  30|0x0000000081e00000, 0x0000000081f00000, 0x0000000081f00000|100%| O|  |TAMS 0x0000000081e00000| PB 0x0000000081e00000| Untracked |  0
|  31|0x0000000081f00000, 0x0000000082000000, 0x0000000082000000|100%| O|  |TAMS 0x0000000081f00000| PB 0x0000000081f00000| Untracked |  0
|  32|0x0000000082000000, 0x0000000082100000, 0x0000000082100000|100%| O|  |TAMS 0x0000000082000000| PB 0x0000000082000000| Untracked |  0
|  33|0x0000000082100000, 0x0000000082200000, 0x0000000082200000|100%| O|  |TAMS 0x0000000082100000| PB 0x0000000082100000| Untracked |  0
|  34|0x0000000082200000, 0x0000000082300000, 0x0000000082300000|100%|HS|  |TAMS 0x0000000082200000| PB 0x0000000082200000| Complete |  0
|  35|0x0000000082300000, 0x0000000082400000, 0x0000000082400000|100%|HC|  |TAMS 0x0000000082300000| PB 0x0000000082300000| Complete |  0
|  36|0x0000000082400000, 0x0000000082500000, 0x0000000082500000|100%|HS|  |TAMS 0x0000000082400000| PB 0x0000000082400000| Complete |  0
|  37|0x0000000082500000, 0x0000000082600000, 0x0000000082600000|100%|HC|  |TAMS 0x0000000082500000| PB 0x0000000082500000| Complete |  0
|  38|0x0000000082600000, 0x0000000082700000, 0x0000000082700000|100%|HS|  |TAMS 0x0000000082600000| PB 0x0000000082600000| Complete |  0
|  39|0x0000000082700000, 0x0000000082800000, 0x0000000082800000|100%|HC|  |TAMS 0x0000000082700000| PB 0x0000000082700000| Complete |  0
|  40|0x0000000082800000, 0x0000000082900000, 0x0000000082900000|100%|HC|  |TAMS 0x0000000082800000| PB 0x0000000082800000| Complete |  0
|  41|0x0000000082900000, 0x0000000082a00000, 0x0000000082a00000|100%| O|  |TAMS 0x0000000082900000| PB 0x0000000082900000| Untracked |  0
|  42|0x0000000082a00000, 0x0000000082b00000, 0x0000000082b00000|100%| O|  |TAMS 0x0000000082a00000| PB 0x0000000082a00000| Untracked |  0
|  43|0x0000000082b00000, 0x0000000082c00000, 0x0000000082c00000|100%| O|  |TAMS 0x0000000082b00000| PB 0x0000000082b00000| Untracked |  0
|  44|0x0000000082c00000, 0x0000000082d00000, 0x0000000082d00000|100%| O|  |TAMS 0x0000000082c00000| PB 0x0000000082c00000| Untracked |  0
|  45|0x0000000082d00000, 0x0000000082e00000, 0x0000000082e00000|100%| O|  |TAMS 0x0000000082d00000| PB 0x0000000082d00000| Untracked |  0
|  46|0x0000000082e00000, 0x0000000082f00000, 0x0000000082f00000|100%| O|  |TAMS 0x0000000082e00000| PB 0x0000000082e00000| Untracked |  0
|  47|0x0000000082f00000, 0x0000000083000000, 0x0000000083000000|100%| O|  |TAMS 0x0000000082f00000| PB 0x0000000082f00000| Untracked |  0
|  48|0x0000000083000000, 0x0000000083100000, 0x0000000083100000|100%| O|  |TAMS 0x0000000083000000| PB 0x0000000083000000| Untracked |  0
|  49|0x0000000083100000, 0x0000000083200000, 0x0000000083200000|100%|HS|  |TAMS 0x0000000083100000| PB 0x0000000083100000| Complete |  0
|  50|0x0000000083200000, 0x0000000083300000, 0x0000000083300000|100%|HC|  |TAMS 0x0000000083200000| PB 0x0000000083200000| Complete |  0
|  51|0x0000000083300000, 0x0000000083400000, 0x0000000083400000|100%|HC|  |TAMS 0x0000000083300000| PB 0x0000000083300000| Complete |  0
|  52|0x0000000083400000, 0x0000000083500000, 0x0000000083500000|100%|HS|  |TAMS 0x0000000083400000| PB 0x0000000083400000| Complete |  0
|  53|0x0000000083500000, 0x0000000083600000, 0x0000000083600000|100%|HS|  |TAMS 0x0000000083500000| PB 0x0000000083500000| Complete |  0
|  54|0x0000000083600000, 0x0000000083700000, 0x0000000083700000|100%|HS|  |TAMS 0x0000000083600000| PB 0x0000000083600000| Complete |  0
|  55|0x0000000083700000, 0x0000000083800000, 0x0000000083800000|100%|HC|  |TAMS 0x0000000083700000| PB 0x0000000083700000| Complete |  0
|  56|0x0000000083800000, 0x0000000083900000, 0x0000000083900000|100%|HS|  |TAMS 0x0000000083800000| PB 0x0000000083800000| Complete |  0
|  57|0x0000000083900000, 0x0000000083a00000, 0x0000000083a00000|100%|HS|  |TAMS 0x0000000083900000| PB 0x0000000083900000| Complete |  0
|  58|0x0000000083a00000, 0x0000000083b00000, 0x0000000083b00000|100%| O|  |TAMS 0x0000000083a00000| PB 0x0000000083a00000| Untracked |  0
|  59|0x0000000083b00000, 0x0000000083c00000, 0x0000000083c00000|100%|HS|  |TAMS 0x0000000083b00000| PB 0x0000000083b00000| Complete |  0
|  60|0x0000000083c00000, 0x0000000083d00000, 0x0000000083d00000|100%|HC|  |TAMS 0x0000000083c00000| PB 0x0000000083c00000| Complete |  0
|  61|0x0000000083d00000, 0x0000000083e00000, 0x0000000083e00000|100%|HS|  |TAMS 0x0000000083d00000| PB 0x0000000083d00000| Complete |  0
|  62|0x0000000083e00000, 0x0000000083f00000, 0x0000000083f00000|100%|HS|  |TAMS 0x0000000083e00000| PB 0x0000000083e00000| Complete |  0
|  63|0x0000000083f00000, 0x0000000084000000, 0x0000000084000000|100%| O|  |TAMS 0x0000000083f00000| PB 0x0000000083f00000| Untracked |  0
|  64|0x0000000084000000, 0x0000000084100000, 0x0000000084100000|100%| O|  |TAMS 0x0000000084000000| PB 0x0000000084000000| Untracked |  0
|  65|0x0000000084100000, 0x0000000084200000, 0x0000000084200000|100%| O|  |TAMS 0x0000000084100000| PB 0x0000000084100000| Untracked |  0
|  66|0x0000000084200000, 0x0000000084300000, 0x0000000084300000|100%| O|  |TAMS 0x0000000084200000| PB 0x0000000084200000| Untracked |  0
|  67|0x0000000084300000, 0x0000000084400000, 0x0000000084400000|100%| O|  |TAMS 0x0000000084300000| PB 0x0000000084300000| Untracked |  0
|  68|0x0000000084400000, 0x0000000084500000, 0x0000000084500000|100%| O|  |TAMS 0x0000000084400000| PB 0x0000000084400000| Untracked |  0
|  69|0x0000000084500000, 0x0000000084600000, 0x0000000084600000|100%| O|Cm|TAMS 0x0000000084500000| PB 0x0000000084500000| Complete |  0
|  70|0x0000000084600000, 0x0000000084700000, 0x0000000084700000|100%| O|  |TAMS 0x0000000084600000| PB 0x0000000084600000| Untracked |  0
|  71|0x0000000084700000, 0x0000000084800000, 0x0000000084800000|100%| O|  |TAMS 0x0000000084700000| PB 0x0000000084700000| Untracked |  0
|  72|0x0000000084800000, 0x0000000084900000, 0x0000000084900000|100%| O|  |TAMS 0x0000000084800000| PB 0x0000000084800000| Untracked |  0
|  73|0x0000000084900000, 0x0000000084a00000, 0x0000000084a00000|100%| O|  |TAMS 0x0000000084900000| PB 0x0000000084900000| Untracked |  0
|  74|0x0000000084a00000, 0x0000000084b00000, 0x0000000084b00000|100%| O|  |TAMS 0x0000000084a00000| PB 0x0000000084a00000| Untracked |  0
|  75|0x0000000084b00000, 0x0000000084c00000, 0x0000000084c00000|100%| O|  |TAMS 0x0000000084b00000| PB 0x0000000084b00000| Untracked |  0
|  76|0x0000000084c00000, 0x0000000084d00000, 0x0000000084d00000|100%| O|  |TAMS 0x0000000084c00000| PB 0x0000000084c00000| Untracked |  0
|  77|0x0000000084d00000, 0x0000000084e00000, 0x0000000084e00000|100%| O|  |TAMS 0x0000000084d00000| PB 0x0000000084d00000| Untracked |  0
|  78|0x0000000084e00000, 0x0000000084f00000, 0x0000000084f00000|100%| O|  |TAMS 0x0000000084e00000| PB 0x0000000084e00000| Untracked |  0
|  79|0x0000000084f00000, 0x0000000085000000, 0x0000000085000000|100%| O|  |TAMS 0x0000000084f00000| PB 0x0000000084f00000| Untracked |  0
|  80|0x0000000085000000, 0x0000000085100000, 0x0000000085100000|100%| O|  |TAMS 0x0000000085000000| PB 0x0000000085000000| Untracked |  0
|  81|0x0000000085100000, 0x0000000085200000, 0x0000000085200000|100%| O|  |TAMS 0x0000000085100000| PB 0x0000000085100000| Untracked |  0
|  82|0x0000000085200000, 0x0000000085280000, 0x0000000085300000| 50%| O|  |TAMS 0x0000000085200000| PB 0x0000000085200000| Untracked |  0
|  83|0x0000000085300000, 0x0000000085400000, 0x0000000085400000|100%|HS|  |TAMS 0x0000000085300000| PB 0x0000000085300000| Complete |  0
|  84|0x0000000085400000, 0x0000000085500000, 0x0000000085500000|100%|HS|  |TAMS 0x0000000085400000| PB 0x0000000085400000| Complete |  0
|  85|0x0000000085500000, 0x0000000085600000, 0x0000000085600000|100%|HS|  |TAMS 0x0000000085500000| PB 0x0000000085500000| Complete |  0
|  86|0x0000000085600000, 0x0000000085700000, 0x0000000085700000|100%|HS|  |TAMS 0x0000000085600000| PB 0x0000000085600000| Complete |  0
|  87|0x0000000085700000, 0x0000000085800000, 0x0000000085800000|100%|HS|  |TAMS 0x0000000085700000| PB 0x0000000085700000| Complete |  0
|  88|0x0000000085800000, 0x0000000085900000, 0x0000000085900000|100%|HS|  |TAMS 0x0000000085800000| PB 0x0000000085800000| Complete |  0
|  89|0x0000000085900000, 0x0000000085900000, 0x0000000085a00000|  0%| F|  |TAMS 0x0000000085900000| PB 0x0000000085900000| Untracked |  0
|  90|0x0000000085a00000, 0x0000000085a00000, 0x0000000085b00000|  0%| F|  |TAMS 0x0000000085a00000| PB 0x0000000085a00000| Untracked |  0
|  91|0x0000000085b00000, 0x0000000085b00000, 0x0000000085c00000|  0%| F|  |TAMS 0x0000000085b00000| PB 0x0000000085b00000| Untracked |  0
|  92|0x0000000085c00000, 0x0000000085c00000, 0x0000000085d00000|  0%| F|  |TAMS 0x0000000085c00000| PB 0x0000000085c00000| Untracked |  0
|  93|0x0000000085d00000, 0x0000000085d00000, 0x0000000085e00000|  0%| F|  |TAMS 0x0000000085d00000| PB 0x0000000085d00000| Untracked |  0
|  94|0x0000000085e00000, 0x0000000085e00000, 0x0000000085f00000|  0%| F|  |TAMS 0x0000000085e00000| PB 0x0000000085e00000| Untracked |  0
|  95|0x0000000085f00000, 0x0000000085f00000, 0x0000000086000000|  0%| F|  |TAMS 0x0000000085f00000| PB 0x0000000085f00000| Untracked |  0
|  96|0x0000000086000000, 0x0000000086000000, 0x0000000086100000|  0%| F|  |TAMS 0x0000000086000000| PB 0x0000000086000000| Untracked |  0
|  97|0x0000000086100000, 0x0000000086100000, 0x0000000086200000|  0%| F|  |TAMS 0x0000000086100000| PB 0x0000000086100000| Untracked |  0
|  98|0x0000000086200000, 0x0000000086200000, 0x0000000086300000|  0%| F|  |TAMS 0x0000000086200000| PB 0x0000000086200000| Untracked |  0
|  99|0x0000000086300000, 0x0000000086300000, 0x0000000086400000|  0%| F|  |TAMS 0x0000000086300000| PB 0x0000000086300000| Untracked |  0
| 100|0x0000000086400000, 0x0000000086400000, 0x0000000086500000|  0%| F|  |TAMS 0x0000000086400000| PB 0x0000000086400000| Untracked |  0
| 101|0x0000000086500000, 0x0000000086500000, 0x0000000086600000|  0%| F|  |TAMS 0x0000000086500000| PB 0x0000000086500000| Untracked |  0
| 102|0x0000000086600000, 0x0000000086600000, 0x0000000086700000|  0%| F|  |TAMS 0x0000000086600000| PB 0x0000000086600000| Untracked |  0
| 103|0x0000000086700000, 0x0000000086700000, 0x0000000086800000|  0%| F|  |TAMS 0x0000000086700000| PB 0x0000000086700000| Untracked |  0
| 104|0x0000000086800000, 0x0000000086800000, 0x0000000086900000|  0%| F|  |TAMS 0x0000000086800000| PB 0x0000000086800000| Untracked |  0
| 105|0x0000000086900000, 0x0000000086900000, 0x0000000086a00000|  0%| F|  |TAMS 0x0000000086900000| PB 0x0000000086900000| Untracked |  0
| 106|0x0000000086a00000, 0x0000000086a00000, 0x0000000086b00000|  0%| F|  |TAMS 0x0000000086a00000| PB 0x0000000086a00000| Untracked |  0
| 107|0x0000000086b00000, 0x0000000086b00000, 0x0000000086c00000|  0%| F|  |TAMS 0x0000000086b00000| PB 0x0000000086b00000| Untracked |  0
| 108|0x0000000086c00000, 0x0000000086c00000, 0x0000000086d00000|  0%| F|  |TAMS 0x0000000086c00000| PB 0x0000000086c00000| Untracked |  0
| 109|0x0000000086d00000, 0x0000000086d00000, 0x0000000086e00000|  0%| F|  |TAMS 0x0000000086d00000| PB 0x0000000086d00000| Untracked |  0
| 110|0x0000000086e00000, 0x0000000086e00000, 0x0000000086f00000|  0%| F|  |TAMS 0x0000000086e00000| PB 0x0000000086e00000| Untracked |  0
| 111|0x0000000086f00000, 0x0000000086f00000, 0x0000000087000000|  0%| F|  |TAMS 0x0000000086f00000| PB 0x0000000086f00000| Untracked |  0
| 112|0x0000000087000000, 0x0000000087000000, 0x0000000087100000|  0%| F|  |TAMS 0x0000000087000000| PB 0x0000000087000000| Untracked |  0
| 113|0x0000000087100000, 0x0000000087100000, 0x0000000087200000|  0%| F|  |TAMS 0x0000000087100000| PB 0x0000000087100000| Untracked |  0
| 114|0x0000000087200000, 0x0000000087200000, 0x0000000087300000|  0%| F|  |TAMS 0x0000000087200000| PB 0x0000000087200000| Untracked |  0
| 115|0x0000000087300000, 0x0000000087300000, 0x0000000087400000|  0%| F|  |TAMS 0x0000000087300000| PB 0x0000000087300000| Untracked |  0
| 116|0x0000000087400000, 0x0000000087400000, 0x0000000087500000|  0%| F|  |TAMS 0x0000000087400000| PB 0x0000000087400000| Untracked |  0
| 117|0x0000000087500000, 0x0000000087500000, 0x0000000087600000|  0%| F|  |TAMS 0x0000000087500000| PB 0x0000000087500000| Untracked |  0
| 118|0x0000000087600000, 0x0000000087600000, 0x0000000087700000|  0%| F|  |TAMS 0x0000000087600000| PB 0x0000000087600000| Untracked |  0
| 119|0x0000000087700000, 0x0000000087700000, 0x0000000087800000|  0%| F|  |TAMS 0x0000000087700000| PB 0x0000000087700000| Untracked |  0
| 120|0x0000000087800000, 0x0000000087800000, 0x0000000087900000|  0%| F|  |TAMS 0x0000000087800000| PB 0x0000000087800000| Untracked |  0
| 121|0x0000000087900000, 0x0000000087900000, 0x0000000087a00000|  0%| F|  |TAMS 0x0000000087900000| PB 0x0000000087900000| Untracked |  0
| 122|0x0000000087a00000, 0x0000000087a00000, 0x0000000087b00000|  0%| F|  |TAMS 0x0000000087a00000| PB 0x0000000087a00000| Untracked |  0
| 123|0x0000000087b00000, 0x0000000087b00000, 0x0000000087c00000|  0%| F|  |TAMS 0x0000000087b00000| PB 0x0000000087b00000| Untracked |  0
| 124|0x0000000087c00000, 0x0000000087c00000, 0x0000000087d00000|  0%| F|  |TAMS 0x0000000087c00000| PB 0x0000000087c00000| Untracked |  0
| 125|0x0000000087d00000, 0x0000000087d00000, 0x0000000087e00000|  0%| F|  |TAMS 0x0000000087d00000| PB 0x0000000087d00000| Untracked |  0
| 126|0x0000000087e00000, 0x0000000087e00000, 0x0000000087f00000|  0%| F|  |TAMS 0x0000000087e00000| PB 0x0000000087e00000| Untracked |  0
| 127|0x0000000087f00000, 0x0000000087f00000, 0x0000000088000000|  0%| F|  |TAMS 0x0000000087f00000| PB 0x0000000087f00000| Untracked |  0
| 128|0x0000000088000000, 0x0000000088000000, 0x0000000088100000|  0%| F|  |TAMS 0x0000000088000000| PB 0x0000000088000000| Untracked |  0
| 129|0x0000000088100000, 0x0000000088100000, 0x0000000088200000|  0%| F|  |TAMS 0x0000000088100000| PB 0x0000000088100000| Untracked |  0
| 130|0x0000000088200000, 0x0000000088200000, 0x0000000088300000|  0%| F|  |TAMS 0x0000000088200000| PB 0x0000000088200000| Untracked |  0
| 131|0x0000000088300000, 0x0000000088300000, 0x0000000088400000|  0%| F|  |TAMS 0x0000000088300000| PB 0x0000000088300000| Untracked |  0
| 132|0x0000000088400000, 0x0000000088400000, 0x0000000088500000|  0%| F|  |TAMS 0x0000000088400000| PB 0x0000000088400000| Untracked |  0
| 133|0x0000000088500000, 0x0000000088500000, 0x0000000088600000|  0%| F|  |TAMS 0x0000000088500000| PB 0x0000000088500000| Untracked |  0
| 134|0x0000000088600000, 0x0000000088600000, 0x0000000088700000|  0%| F|  |TAMS 0x0000000088600000| PB 0x0000000088600000| Untracked |  0
| 135|0x0000000088700000, 0x0000000088700000, 0x0000000088800000|  0%| F|  |TAMS 0x0000000088700000| PB 0x0000000088700000| Untracked |  0
| 136|0x0000000088800000, 0x0000000088800000, 0x0000000088900000|  0%| F|  |TAMS 0x0000000088800000| PB 0x0000000088800000| Untracked |  0
| 137|0x0000000088900000, 0x0000000088900000, 0x0000000088a00000|  0%| F|  |TAMS 0x0000000088900000| PB 0x0000000088900000| Untracked |  0
| 138|0x0000000088a00000, 0x0000000088a00000, 0x0000000088b00000|  0%| F|  |TAMS 0x0000000088a00000| PB 0x0000000088a00000| Untracked |  0
| 139|0x0000000088b00000, 0x0000000088b00000, 0x0000000088c00000|  0%| F|  |TAMS 0x0000000088b00000| PB 0x0000000088b00000| Untracked |  0
| 140|0x0000000088c00000, 0x0000000088c00000, 0x0000000088d00000|  0%| F|  |TAMS 0x0000000088c00000| PB 0x0000000088c00000| Untracked |  0
| 141|0x0000000088d00000, 0x0000000088d00000, 0x0000000088e00000|  0%| F|  |TAMS 0x0000000088d00000| PB 0x0000000088d00000| Untracked |  0
| 142|0x0000000088e00000, 0x0000000088e00000, 0x0000000088f00000|  0%| F|  |TAMS 0x0000000088e00000| PB 0x0000000088e00000| Untracked |  0
| 143|0x0000000088f00000, 0x0000000088f00000, 0x0000000089000000|  0%| F|  |TAMS 0x0000000088f00000| PB 0x0000000088f00000| Untracked |  0
| 144|0x0000000089000000, 0x0000000089000000, 0x0000000089100000|  0%| F|  |TAMS 0x0000000089000000| PB 0x0000000089000000| Untracked |  0
| 145|0x0000000089100000, 0x0000000089100000, 0x0000000089200000|  0%| F|  |TAMS 0x0000000089100000| PB 0x0000000089100000| Untracked |  0
| 146|0x0000000089200000, 0x0000000089200000, 0x0000000089300000|  0%| F|  |TAMS 0x0000000089200000| PB 0x0000000089200000| Untracked |  0
| 147|0x0000000089300000, 0x0000000089300000, 0x0000000089400000|  0%| F|  |TAMS 0x0000000089300000| PB 0x0000000089300000| Untracked |  0
| 148|0x0000000089400000, 0x0000000089400000, 0x0000000089500000|  0%| F|  |TAMS 0x0000000089400000| PB 0x0000000089400000| Untracked |  0
| 149|0x0000000089500000, 0x0000000089500000, 0x0000000089600000|  0%| F|  |TAMS 0x0000000089500000| PB 0x0000000089500000| Untracked |  0
| 150|0x0000000089600000, 0x0000000089600000, 0x0000000089700000|  0%| F|  |TAMS 0x0000000089600000| PB 0x0000000089600000| Untracked |  0
| 151|0x0000000089700000, 0x0000000089700000, 0x0000000089800000|  0%| F|  |TAMS 0x0000000089700000| PB 0x0000000089700000| Untracked |  0
| 152|0x0000000089800000, 0x0000000089800000, 0x0000000089900000|  0%| F|  |TAMS 0x0000000089800000| PB 0x0000000089800000| Untracked |  0
| 153|0x0000000089900000, 0x0000000089900000, 0x0000000089a00000|  0%| F|  |TAMS 0x0000000089900000| PB 0x0000000089900000| Untracked |  0
| 154|0x0000000089a00000, 0x0000000089a00000, 0x0000000089b00000|  0%| F|  |TAMS 0x0000000089a00000| PB 0x0000000089a00000| Untracked |  0
| 155|0x0000000089b00000, 0x0000000089b00000, 0x0000000089c00000|  0%| F|  |TAMS 0x0000000089b00000| PB 0x0000000089b00000| Untracked |  0
| 156|0x0000000089c00000, 0x0000000089c00000, 0x0000000089d00000|  0%| F|  |TAMS 0x0000000089c00000| PB 0x0000000089c00000| Untracked |  0
| 157|0x0000000089d00000, 0x0000000089d00000, 0x0000000089e00000|  0%| F|  |TAMS 0x0000000089d00000| PB 0x0000000089d00000| Untracked |  0
| 158|0x0000000089e00000, 0x0000000089e00000, 0x0000000089f00000|  0%| F|  |TAMS 0x0000000089e00000| PB 0x0000000089e00000| Untracked |  0
| 159|0x0000000089f00000, 0x0000000089f00000, 0x000000008a000000|  0%| F|  |TAMS 0x0000000089f00000| PB 0x0000000089f00000| Untracked |  0
| 160|0x000000008a000000, 0x000000008a000000, 0x000000008a100000|  0%| F|  |TAMS 0x000000008a000000| PB 0x000000008a000000| Untracked |  0
| 161|0x000000008a100000, 0x000000008a100000, 0x000000008a200000|  0%| F|  |TAMS 0x000000008a100000| PB 0x000000008a100000| Untracked |  0
| 162|0x000000008a200000, 0x000000008a200000, 0x000000008a300000|  0%| F|  |TAMS 0x000000008a200000| PB 0x000000008a200000| Untracked |  0
| 163|0x000000008a300000, 0x000000008a300000, 0x000000008a400000|  0%| F|  |TAMS 0x000000008a300000| PB 0x000000008a300000| Untracked |  0
| 164|0x000000008a400000, 0x000000008a400000, 0x000000008a500000|  0%| F|  |TAMS 0x000000008a400000| PB 0x000000008a400000| Untracked |  0
| 165|0x000000008a500000, 0x000000008a500000, 0x000000008a600000|  0%| F|  |TAMS 0x000000008a500000| PB 0x000000008a500000| Untracked |  0
| 166|0x000000008a600000, 0x000000008a600000, 0x000000008a700000|  0%| F|  |TAMS 0x000000008a600000| PB 0x000000008a600000| Untracked |  0
| 167|0x000000008a700000, 0x000000008a700000, 0x000000008a800000|  0%| F|  |TAMS 0x000000008a700000| PB 0x000000008a700000| Untracked |  0
| 168|0x000000008a800000, 0x000000008a800000, 0x000000008a900000|  0%| F|  |TAMS 0x000000008a800000| PB 0x000000008a800000| Untracked |  0
| 169|0x000000008a900000, 0x000000008a900000, 0x000000008aa00000|  0%| F|  |TAMS 0x000000008a900000| PB 0x000000008a900000| Untracked |  0
| 170|0x000000008aa00000, 0x000000008aa00000, 0x000000008ab00000|  0%| F|  |TAMS 0x000000008aa00000| PB 0x000000008aa00000| Untracked |  0
| 171|0x000000008ab00000, 0x000000008ab00000, 0x000000008ac00000|  0%| F|  |TAMS 0x000000008ab00000| PB 0x000000008ab00000| Untracked |  0
| 172|0x000000008ac00000, 0x000000008ac00000, 0x000000008ad00000|  0%| F|  |TAMS 0x000000008ac00000| PB 0x000000008ac00000| Untracked |  0
| 173|0x000000008ad00000, 0x000000008ad00000, 0x000000008ae00000|  0%| F|  |TAMS 0x000000008ad00000| PB 0x000000008ad00000| Untracked |  0
| 174|0x000000008ae00000, 0x000000008ae00000, 0x000000008af00000|  0%| F|  |TAMS 0x000000008ae00000| PB 0x000000008ae00000| Untracked |  0
| 175|0x000000008af00000, 0x000000008b000000, 0x000000008b000000|100%| S|CS|TAMS 0x000000008af00000| PB 0x000000008af00000| Complete |  0
| 176|0x000000008b000000, 0x000000008b100000, 0x000000008b100000|100%| S|CS|TAMS 0x000000008b000000| PB 0x000000008b000000| Complete |  0
| 177|0x000000008b100000, 0x000000008b200000, 0x000000008b200000|100%| S|CS|TAMS 0x000000008b100000| PB 0x000000008b100000| Complete |  0
| 178|0x000000008b200000, 0x000000008b300000, 0x000000008b300000|100%| S|CS|TAMS 0x000000008b200000| PB 0x000000008b200000| Complete |  0
| 179|0x000000008b300000, 0x000000008b400000, 0x000000008b400000|100%| S|CS|TAMS 0x000000008b300000| PB 0x000000008b300000| Complete |  0
| 180|0x000000008b400000, 0x000000008b500000, 0x000000008b500000|100%| S|CS|TAMS 0x000000008b400000| PB 0x000000008b400000| Complete |  0
| 181|0x000000008b500000, 0x000000008b600000, 0x000000008b600000|100%| S|CS|TAMS 0x000000008b500000| PB 0x000000008b500000| Complete |  0
| 182|0x000000008b600000, 0x000000008b700000, 0x000000008b700000|100%| S|CS|TAMS 0x000000008b600000| PB 0x000000008b600000| Complete |  0
| 183|0x000000008b700000, 0x000000008b800000, 0x000000008b800000|100%| S|CS|TAMS 0x000000008b700000| PB 0x000000008b700000| Complete |  0
| 184|0x000000008b800000, 0x000000008b900000, 0x000000008b900000|100%| S|CS|TAMS 0x000000008b800000| PB 0x000000008b800000| Complete |  0
| 185|0x000000008b900000, 0x000000008ba00000, 0x000000008ba00000|100%| S|CS|TAMS 0x000000008b900000| PB 0x000000008b900000| Complete |  0
| 186|0x000000008ba00000, 0x000000008bb00000, 0x000000008bb00000|100%| S|CS|TAMS 0x000000008ba00000| PB 0x000000008ba00000| Complete |  0
| 187|0x000000008bb00000, 0x000000008bc00000, 0x000000008bc00000|100%| S|CS|TAMS 0x000000008bb00000| PB 0x000000008bb00000| Complete |  0
| 188|0x000000008bc00000, 0x000000008bd00000, 0x000000008bd00000|100%| S|CS|TAMS 0x000000008bc00000| PB 0x000000008bc00000| Complete |  0
| 189|0x000000008bd00000, 0x000000008be00000, 0x000000008be00000|100%| S|CS|TAMS 0x000000008bd00000| PB 0x000000008bd00000| Complete |  0
| 190|0x000000008be00000, 0x000000008bf00000, 0x000000008bf00000|100%| S|CS|TAMS 0x000000008be00000| PB 0x000000008be00000| Complete |  0
| 191|0x000000008bf00000, 0x000000008c000000, 0x000000008c000000|100%| S|CS|TAMS 0x000000008bf00000| PB 0x000000008bf00000| Complete |  0
| 192|0x000000008c000000, 0x000000008c100000, 0x000000008c100000|100%| S|CS|TAMS 0x000000008c000000| PB 0x000000008c000000| Complete |  0
| 193|0x000000008c100000, 0x000000008c200000, 0x000000008c200000|100%| S|CS|TAMS 0x000000008c100000| PB 0x000000008c100000| Complete |  0
| 194|0x000000008c200000, 0x000000008c300000, 0x000000008c300000|100%| S|CS|TAMS 0x000000008c200000| PB 0x000000008c200000| Complete |  0
| 195|0x000000008c300000, 0x000000008c400000, 0x000000008c400000|100%| S|CS|TAMS 0x000000008c300000| PB 0x000000008c300000| Complete |  0
| 196|0x000000008c400000, 0x000000008c500000, 0x000000008c500000|100%| S|CS|TAMS 0x000000008c400000| PB 0x000000008c400000| Complete |  0
| 197|0x000000008c500000, 0x000000008c600000, 0x000000008c600000|100%| S|CS|TAMS 0x000000008c500000| PB 0x000000008c500000| Complete |  0
| 198|0x000000008c600000, 0x000000008c700000, 0x000000008c700000|100%| S|CS|TAMS 0x000000008c600000| PB 0x000000008c600000| Complete |  0
| 199|0x000000008c700000, 0x000000008c800000, 0x000000008c800000|100%| S|CS|TAMS 0x000000008c700000| PB 0x000000008c700000| Complete |  0
| 200|0x000000008c800000, 0x000000008c900000, 0x000000008c900000|100%| S|CS|TAMS 0x000000008c800000| PB 0x000000008c800000| Complete |  0
| 201|0x000000008c900000, 0x000000008ca00000, 0x000000008ca00000|100%| S|CS|TAMS 0x000000008c900000| PB 0x000000008c900000| Complete |  0
| 202|0x000000008ca00000, 0x000000008cb00000, 0x000000008cb00000|100%| S|CS|TAMS 0x000000008ca00000| PB 0x000000008ca00000| Complete |  0
| 203|0x000000008cb00000, 0x000000008cc00000, 0x000000008cc00000|100%| S|CS|TAMS 0x000000008cb00000| PB 0x000000008cb00000| Complete |  0
| 204|0x000000008cc00000, 0x000000008cd00000, 0x000000008cd00000|100%| S|CS|TAMS 0x000000008cc00000| PB 0x000000008cc00000| Complete |  0
| 205|0x000000008cd00000, 0x000000008ce00000, 0x000000008ce00000|100%| S|CS|TAMS 0x000000008cd00000| PB 0x000000008cd00000| Complete |  0
| 206|0x000000008ce00000, 0x000000008ce00000, 0x000000008cf00000|  0%| F|  |TAMS 0x000000008ce00000| PB 0x000000008ce00000| Untracked |  0
| 207|0x000000008cf00000, 0x000000008cf00000, 0x000000008d000000|  0%| F|  |TAMS 0x000000008cf00000| PB 0x000000008cf00000| Untracked |  0
| 208|0x000000008d000000, 0x000000008d000000, 0x000000008d100000|  0%| F|  |TAMS 0x000000008d000000| PB 0x000000008d000000| Untracked |  0
| 209|0x000000008d100000, 0x000000008d100000, 0x000000008d200000|  0%| F|  |TAMS 0x000000008d100000| PB 0x000000008d100000| Untracked |  0
| 210|0x000000008d200000, 0x000000008d200000, 0x000000008d300000|  0%| F|  |TAMS 0x000000008d200000| PB 0x000000008d200000| Untracked |  0
| 211|0x000000008d300000, 0x000000008d300000, 0x000000008d400000|  0%| F|  |TAMS 0x000000008d300000| PB 0x000000008d300000| Untracked |  0
| 212|0x000000008d400000, 0x000000008d400000, 0x000000008d500000|  0%| F|  |TAMS 0x000000008d400000| PB 0x000000008d400000| Untracked |  0
| 213|0x000000008d500000, 0x000000008d500000, 0x000000008d600000|  0%| F|  |TAMS 0x000000008d500000| PB 0x000000008d500000| Untracked |  0
| 214|0x000000008d600000, 0x000000008d600000, 0x000000008d700000|  0%| F|  |TAMS 0x000000008d600000| PB 0x000000008d600000| Untracked |  0
| 215|0x000000008d700000, 0x000000008d700000, 0x000000008d800000|  0%| F|  |TAMS 0x000000008d700000| PB 0x000000008d700000| Untracked |  0
| 216|0x000000008d800000, 0x000000008d800000, 0x000000008d900000|  0%| F|  |TAMS 0x000000008d800000| PB 0x000000008d800000| Untracked |  0
| 217|0x000000008d900000, 0x000000008d900000, 0x000000008da00000|  0%| F|  |TAMS 0x000000008d900000| PB 0x000000008d900000| Untracked |  0
| 218|0x000000008da00000, 0x000000008da00000, 0x000000008db00000|  0%| F|  |TAMS 0x000000008da00000| PB 0x000000008da00000| Untracked |  0
| 219|0x000000008db00000, 0x000000008db00000, 0x000000008dc00000|  0%| F|  |TAMS 0x000000008db00000| PB 0x000000008db00000| Untracked |  0
| 220|0x000000008dc00000, 0x000000008dc00000, 0x000000008dd00000|  0%| F|  |TAMS 0x000000008dc00000| PB 0x000000008dc00000| Untracked |  0
| 221|0x000000008dd00000, 0x000000008dd00000, 0x000000008de00000|  0%| F|  |TAMS 0x000000008dd00000| PB 0x000000008dd00000| Untracked |  0
| 222|0x000000008de00000, 0x000000008de00000, 0x000000008df00000|  0%| F|  |TAMS 0x000000008de00000| PB 0x000000008de00000| Untracked |  0
| 223|0x000000008df00000, 0x000000008df00000, 0x000000008e000000|  0%| F|  |TAMS 0x000000008df00000| PB 0x000000008df00000| Untracked |  0
| 224|0x000000008e000000, 0x000000008e000000, 0x000000008e100000|  0%| F|  |TAMS 0x000000008e000000| PB 0x000000008e000000| Untracked |  0
| 225|0x000000008e100000, 0x000000008e100000, 0x000000008e200000|  0%| F|  |TAMS 0x000000008e100000| PB 0x000000008e100000| Untracked |  0
| 226|0x000000008e200000, 0x000000008e200000, 0x000000008e300000|  0%| F|  |TAMS 0x000000008e200000| PB 0x000000008e200000| Untracked |  0
| 227|0x000000008e300000, 0x000000008e300000, 0x000000008e400000|  0%| F|  |TAMS 0x000000008e300000| PB 0x000000008e300000| Untracked |  0
| 228|0x000000008e400000, 0x000000008e400000, 0x000000008e500000|  0%| F|  |TAMS 0x000000008e400000| PB 0x000000008e400000| Untracked |  0
| 229|0x000000008e500000, 0x000000008e500000, 0x000000008e600000|  0%| F|  |TAMS 0x000000008e500000| PB 0x000000008e500000| Untracked |  0
| 230|0x000000008e600000, 0x000000008e600000, 0x000000008e700000|  0%| F|  |TAMS 0x000000008e600000| PB 0x000000008e600000| Untracked |  0
| 231|0x000000008e700000, 0x000000008e700000, 0x000000008e800000|  0%| F|  |TAMS 0x000000008e700000| PB 0x000000008e700000| Untracked |  0
| 232|0x000000008e800000, 0x000000008e800000, 0x000000008e900000|  0%| F|  |TAMS 0x000000008e800000| PB 0x000000008e800000| Untracked |  0
| 233|0x000000008e900000, 0x000000008e900000, 0x000000008ea00000|  0%| F|  |TAMS 0x000000008e900000| PB 0x000000008e900000| Untracked |  0
| 234|0x000000008ea00000, 0x000000008ea00000, 0x000000008eb00000|  0%| F|  |TAMS 0x000000008ea00000| PB 0x000000008ea00000| Untracked |  0
| 235|0x000000008eb00000, 0x000000008eb00000, 0x000000008ec00000|  0%| F|  |TAMS 0x000000008eb00000| PB 0x000000008eb00000| Untracked |  0
| 236|0x000000008ec00000, 0x000000008ec00000, 0x000000008ed00000|  0%| F|  |TAMS 0x000000008ec00000| PB 0x000000008ec00000| Untracked |  0
| 237|0x000000008ed00000, 0x000000008ed00000, 0x000000008ee00000|  0%| F|  |TAMS 0x000000008ed00000| PB 0x000000008ed00000| Untracked |  0
| 238|0x000000008ee00000, 0x000000008ee00000, 0x000000008ef00000|  0%| F|  |TAMS 0x000000008ee00000| PB 0x000000008ee00000| Untracked |  0
| 239|0x000000008ef00000, 0x000000008ef00000, 0x000000008f000000|  0%| F|  |TAMS 0x000000008ef00000| PB 0x000000008ef00000| Untracked |  0
| 240|0x000000008f000000, 0x000000008f000000, 0x000000008f100000|  0%| F|  |TAMS 0x000000008f000000| PB 0x000000008f000000| Untracked |  0
| 241|0x000000008f100000, 0x000000008f100000, 0x000000008f200000|  0%| F|  |TAMS 0x000000008f100000| PB 0x000000008f100000| Untracked |  0
| 242|0x000000008f200000, 0x000000008f200000, 0x000000008f300000|  0%| F|  |TAMS 0x000000008f200000| PB 0x000000008f200000| Untracked |  0
| 243|0x000000008f300000, 0x000000008f300000, 0x000000008f400000|  0%| F|  |TAMS 0x000000008f300000| PB 0x000000008f300000| Untracked |  0
| 244|0x000000008f400000, 0x000000008f400000, 0x000000008f500000|  0%| F|  |TAMS 0x000000008f400000| PB 0x000000008f400000| Untracked |  0
| 245|0x000000008f500000, 0x000000008f500000, 0x000000008f600000|  0%| F|  |TAMS 0x000000008f500000| PB 0x000000008f500000| Untracked |  0
| 246|0x000000008f600000, 0x000000008f600000, 0x000000008f700000|  0%| F|  |TAMS 0x000000008f600000| PB 0x000000008f600000| Untracked |  0
| 247|0x000000008f700000, 0x000000008f700000, 0x000000008f800000|  0%| F|  |TAMS 0x000000008f700000| PB 0x000000008f700000| Untracked |  0
| 248|0x000000008f800000, 0x000000008f800000, 0x000000008f900000|  0%| F|  |TAMS 0x000000008f800000| PB 0x000000008f800000| Untracked |  0
| 249|0x000000008f900000, 0x000000008f900000, 0x000000008fa00000|  0%| F|  |TAMS 0x000000008f900000| PB 0x000000008f900000| Untracked |  0
| 250|0x000000008fa00000, 0x000000008fa00000, 0x000000008fb00000|  0%| F|  |TAMS 0x000000008fa00000| PB 0x000000008fa00000| Untracked |  0
| 251|0x000000008fb00000, 0x000000008fb00000, 0x000000008fc00000|  0%| F|  |TAMS 0x000000008fb00000| PB 0x000000008fb00000| Untracked |  0
| 252|0x000000008fc00000, 0x000000008fc00000, 0x000000008fd00000|  0%| F|  |TAMS 0x000000008fc00000| PB 0x000000008fc00000| Untracked |  0
| 253|0x000000008fd00000, 0x000000008fd00000, 0x000000008fe00000|  0%| F|  |TAMS 0x000000008fd00000| PB 0x000000008fd00000| Untracked |  0
| 254|0x000000008fe00000, 0x000000008fe00000, 0x000000008ff00000|  0%| F|  |TAMS 0x000000008fe00000| PB 0x000000008fe00000| Untracked |  0
| 255|0x000000008ff00000, 0x000000008ff00000, 0x0000000090000000|  0%| F|  |TAMS 0x000000008ff00000| PB 0x000000008ff00000| Untracked |  0
| 256|0x0000000090000000, 0x0000000090000000, 0x0000000090100000|  0%| F|  |TAMS 0x0000000090000000| PB 0x0000000090000000| Untracked |  0
| 257|0x0000000090100000, 0x0000000090100000, 0x0000000090200000|  0%| F|  |TAMS 0x0000000090100000| PB 0x0000000090100000| Untracked |  0
| 258|0x0000000090200000, 0x0000000090200000, 0x0000000090300000|  0%| F|  |TAMS 0x0000000090200000| PB 0x0000000090200000| Untracked |  0
| 259|0x0000000090300000, 0x0000000090300000, 0x0000000090400000|  0%| F|  |TAMS 0x0000000090300000| PB 0x0000000090300000| Untracked |  0
| 260|0x0000000090400000, 0x0000000090400000, 0x0000000090500000|  0%| F|  |TAMS 0x0000000090400000| PB 0x0000000090400000| Untracked |  0
| 261|0x0000000090500000, 0x0000000090500000, 0x0000000090600000|  0%| F|  |TAMS 0x0000000090500000| PB 0x0000000090500000| Untracked |  0
| 262|0x0000000090600000, 0x0000000090600000, 0x0000000090700000|  0%| F|  |TAMS 0x0000000090600000| PB 0x0000000090600000| Untracked |  0
| 263|0x0000000090700000, 0x0000000090700000, 0x0000000090800000|  0%| F|  |TAMS 0x0000000090700000| PB 0x0000000090700000| Untracked |  0
| 264|0x0000000090800000, 0x0000000090800000, 0x0000000090900000|  0%| F|  |TAMS 0x0000000090800000| PB 0x0000000090800000| Untracked |  0
| 265|0x0000000090900000, 0x0000000090900000, 0x0000000090a00000|  0%| F|  |TAMS 0x0000000090900000| PB 0x0000000090900000| Untracked |  0
| 266|0x0000000090a00000, 0x0000000090a00000, 0x0000000090b00000|  0%| F|  |TAMS 0x0000000090a00000| PB 0x0000000090a00000| Untracked |  0
| 267|0x0000000090b00000, 0x0000000090b00000, 0x0000000090c00000|  0%| F|  |TAMS 0x0000000090b00000| PB 0x0000000090b00000| Untracked |  0
| 268|0x0000000090c00000, 0x0000000090c00000, 0x0000000090d00000|  0%| F|  |TAMS 0x0000000090c00000| PB 0x0000000090c00000| Untracked |  0
| 269|0x0000000090d00000, 0x0000000090d00000, 0x0000000090e00000|  0%| F|  |TAMS 0x0000000090d00000| PB 0x0000000090d00000| Untracked |  0
| 270|0x0000000090e00000, 0x0000000090e00000, 0x0000000090f00000|  0%| F|  |TAMS 0x0000000090e00000| PB 0x0000000090e00000| Untracked |  0
| 271|0x0000000090f00000, 0x0000000090f00000, 0x0000000091000000|  0%| F|  |TAMS 0x0000000090f00000| PB 0x0000000090f00000| Untracked |  0
| 272|0x0000000091000000, 0x0000000091000000, 0x0000000091100000|  0%| F|  |TAMS 0x0000000091000000| PB 0x0000000091000000| Untracked |  0
| 273|0x0000000091100000, 0x0000000091100000, 0x0000000091200000|  0%| F|  |TAMS 0x0000000091100000| PB 0x0000000091100000| Untracked |  0
| 274|0x0000000091200000, 0x0000000091200000, 0x0000000091300000|  0%| F|  |TAMS 0x0000000091200000| PB 0x0000000091200000| Untracked |  0
| 275|0x0000000091300000, 0x0000000091300000, 0x0000000091400000|  0%| F|  |TAMS 0x0000000091300000| PB 0x0000000091300000| Untracked |  0
| 276|0x0000000091400000, 0x0000000091400000, 0x0000000091500000|  0%| F|  |TAMS 0x0000000091400000| PB 0x0000000091400000| Untracked |  0
| 277|0x0000000091500000, 0x0000000091500000, 0x0000000091600000|  0%| F|  |TAMS 0x0000000091500000| PB 0x0000000091500000| Untracked |  0
| 278|0x0000000091600000, 0x0000000091600000, 0x0000000091700000|  0%| F|  |TAMS 0x0000000091600000| PB 0x0000000091600000| Untracked |  0
| 279|0x0000000091700000, 0x0000000091700000, 0x0000000091800000|  0%| F|  |TAMS 0x0000000091700000| PB 0x0000000091700000| Untracked |  0
| 280|0x0000000091800000, 0x0000000091800000, 0x0000000091900000|  0%| F|  |TAMS 0x0000000091800000| PB 0x0000000091800000| Untracked |  0
| 281|0x0000000091900000, 0x0000000091900000, 0x0000000091a00000|  0%| F|  |TAMS 0x0000000091900000| PB 0x0000000091900000| Untracked |  0
| 282|0x0000000091a00000, 0x0000000091a00000, 0x0000000091b00000|  0%| F|  |TAMS 0x0000000091a00000| PB 0x0000000091a00000| Untracked |  0
| 283|0x0000000091b00000, 0x0000000091b00000, 0x0000000091c00000|  0%| F|  |TAMS 0x0000000091b00000| PB 0x0000000091b00000| Untracked |  0
| 284|0x0000000091c00000, 0x0000000091c00000, 0x0000000091d00000|  0%| F|  |TAMS 0x0000000091c00000| PB 0x0000000091c00000| Untracked |  0
| 285|0x0000000091d00000, 0x0000000091d00000, 0x0000000091e00000|  0%| F|  |TAMS 0x0000000091d00000| PB 0x0000000091d00000| Untracked |  0
| 286|0x0000000091e00000, 0x0000000091e00000, 0x0000000091f00000|  0%| F|  |TAMS 0x0000000091e00000| PB 0x0000000091e00000| Untracked |  0
| 287|0x0000000091f00000, 0x0000000091f00000, 0x0000000092000000|  0%| F|  |TAMS 0x0000000091f00000| PB 0x0000000091f00000| Untracked |  0
| 288|0x0000000092000000, 0x0000000092000000, 0x0000000092100000|  0%| F|  |TAMS 0x0000000092000000| PB 0x0000000092000000| Untracked |  0
| 289|0x0000000092100000, 0x0000000092100000, 0x0000000092200000|  0%| F|  |TAMS 0x0000000092100000| PB 0x0000000092100000| Untracked |  0
| 290|0x0000000092200000, 0x0000000092200000, 0x0000000092300000|  0%| F|  |TAMS 0x0000000092200000| PB 0x0000000092200000| Untracked |  0
| 291|0x0000000092300000, 0x0000000092300000, 0x0000000092400000|  0%| F|  |TAMS 0x0000000092300000| PB 0x0000000092300000| Untracked |  0
| 292|0x0000000092400000, 0x0000000092400000, 0x0000000092500000|  0%| F|  |TAMS 0x0000000092400000| PB 0x0000000092400000| Untracked |  0
| 293|0x0000000092500000, 0x0000000092500000, 0x0000000092600000|  0%| F|  |TAMS 0x0000000092500000| PB 0x0000000092500000| Untracked |  0
| 294|0x0000000092600000, 0x0000000092600000, 0x0000000092700000|  0%| F|  |TAMS 0x0000000092600000| PB 0x0000000092600000| Untracked |  0
| 295|0x0000000092700000, 0x0000000092700000, 0x0000000092800000|  0%| F|  |TAMS 0x0000000092700000| PB 0x0000000092700000| Untracked |  0
| 296|0x0000000092800000, 0x0000000092800000, 0x0000000092900000|  0%| F|  |TAMS 0x0000000092800000| PB 0x0000000092800000| Untracked |  0
| 297|0x0000000092900000, 0x0000000092900000, 0x0000000092a00000|  0%| F|  |TAMS 0x0000000092900000| PB 0x0000000092900000| Untracked |  0
| 298|0x0000000092a00000, 0x0000000092a00000, 0x0000000092b00000|  0%| F|  |TAMS 0x0000000092a00000| PB 0x0000000092a00000| Untracked |  0
| 299|0x0000000092b00000, 0x0000000092b00000, 0x0000000092c00000|  0%| F|  |TAMS 0x0000000092b00000| PB 0x0000000092b00000| Untracked |  0
| 300|0x0000000092c00000, 0x0000000092c00000, 0x0000000092d00000|  0%| F|  |TAMS 0x0000000092c00000| PB 0x0000000092c00000| Untracked |  0
| 301|0x0000000092d00000, 0x0000000092d00000, 0x0000000092e00000|  0%| F|  |TAMS 0x0000000092d00000| PB 0x0000000092d00000| Untracked |  0
| 302|0x0000000092e00000, 0x0000000092e00000, 0x0000000092f00000|  0%| F|  |TAMS 0x0000000092e00000| PB 0x0000000092e00000| Untracked |  0
| 303|0x0000000092f00000, 0x0000000092f00000, 0x0000000093000000|  0%| F|  |TAMS 0x0000000092f00000| PB 0x0000000092f00000| Untracked |  0
| 304|0x0000000093000000, 0x0000000093000000, 0x0000000093100000|  0%| F|  |TAMS 0x0000000093000000| PB 0x0000000093000000| Untracked |  0
| 305|0x0000000093100000, 0x0000000093100000, 0x0000000093200000|  0%| F|  |TAMS 0x0000000093100000| PB 0x0000000093100000| Untracked |  0
| 306|0x0000000093200000, 0x0000000093200000, 0x0000000093300000|  0%| F|  |TAMS 0x0000000093200000| PB 0x0000000093200000| Untracked |  0
| 307|0x0000000093300000, 0x0000000093300000, 0x0000000093400000|  0%| F|  |TAMS 0x0000000093300000| PB 0x0000000093300000| Untracked |  0
| 308|0x0000000093400000, 0x0000000093400000, 0x0000000093500000|  0%| F|  |TAMS 0x0000000093400000| PB 0x0000000093400000| Untracked |  0
| 309|0x0000000093500000, 0x0000000093500000, 0x0000000093600000|  0%| F|  |TAMS 0x0000000093500000| PB 0x0000000093500000| Untracked |  0
| 310|0x0000000093600000, 0x0000000093600000, 0x0000000093700000|  0%| F|  |TAMS 0x0000000093600000| PB 0x0000000093600000| Untracked |  0
| 311|0x0000000093700000, 0x0000000093700000, 0x0000000093800000|  0%| F|  |TAMS 0x0000000093700000| PB 0x0000000093700000| Untracked |  0
| 312|0x0000000093800000, 0x0000000093800000, 0x0000000093900000|  0%| F|  |TAMS 0x0000000093800000| PB 0x0000000093800000| Untracked |  0
| 313|0x0000000093900000, 0x0000000093900000, 0x0000000093a00000|  0%| F|  |TAMS 0x0000000093900000| PB 0x0000000093900000| Untracked |  0
| 314|0x0000000093a00000, 0x0000000093a00000, 0x0000000093b00000|  0%| F|  |TAMS 0x0000000093a00000| PB 0x0000000093a00000| Untracked |  0
| 315|0x0000000093b00000, 0x0000000093b00000, 0x0000000093c00000|  0%| F|  |TAMS 0x0000000093b00000| PB 0x0000000093b00000| Untracked |  0
| 316|0x0000000093c00000, 0x0000000093c00000, 0x0000000093d00000|  0%| F|  |TAMS 0x0000000093c00000| PB 0x0000000093c00000| Untracked |  0
| 317|0x0000000093d00000, 0x0000000093d00000, 0x0000000093e00000|  0%| F|  |TAMS 0x0000000093d00000| PB 0x0000000093d00000| Untracked |  0
| 318|0x0000000093e00000, 0x0000000093e00000, 0x0000000093f00000|  0%| F|  |TAMS 0x0000000093e00000| PB 0x0000000093e00000| Untracked |  0
| 319|0x0000000093f00000, 0x0000000093f00000, 0x0000000094000000|  0%| F|  |TAMS 0x0000000093f00000| PB 0x0000000093f00000| Untracked |  0
| 320|0x0000000094000000, 0x0000000094000000, 0x0000000094100000|  0%| F|  |TAMS 0x0000000094000000| PB 0x0000000094000000| Untracked |  0
| 321|0x0000000094100000, 0x0000000094100000, 0x0000000094200000|  0%| F|  |TAMS 0x0000000094100000| PB 0x0000000094100000| Untracked |  0
| 322|0x0000000094200000, 0x0000000094200000, 0x0000000094300000|  0%| F|  |TAMS 0x0000000094200000| PB 0x0000000094200000| Untracked |  0
| 323|0x0000000094300000, 0x0000000094300000, 0x0000000094400000|  0%| F|  |TAMS 0x0000000094300000| PB 0x0000000094300000| Untracked |  0
| 324|0x0000000094400000, 0x0000000094400000, 0x0000000094500000|  0%| F|  |TAMS 0x0000000094400000| PB 0x0000000094400000| Untracked |  0
| 325|0x0000000094500000, 0x0000000094500000, 0x0000000094600000|  0%| F|  |TAMS 0x0000000094500000| PB 0x0000000094500000| Untracked |  0
| 326|0x0000000094600000, 0x0000000094600000, 0x0000000094700000|  0%| F|  |TAMS 0x0000000094600000| PB 0x0000000094600000| Untracked |  0
| 327|0x0000000094700000, 0x0000000094700000, 0x0000000094800000|  0%| F|  |TAMS 0x0000000094700000| PB 0x0000000094700000| Untracked |  0
| 328|0x0000000094800000, 0x0000000094800000, 0x0000000094900000|  0%| F|  |TAMS 0x0000000094800000| PB 0x0000000094800000| Untracked |  0
| 329|0x0000000094900000, 0x0000000094900000, 0x0000000094a00000|  0%| F|  |TAMS 0x0000000094900000| PB 0x0000000094900000| Untracked |  0
| 330|0x0000000094a00000, 0x0000000094a00000, 0x0000000094b00000|  0%| F|  |TAMS 0x0000000094a00000| PB 0x0000000094a00000| Untracked |  0
| 331|0x0000000094b00000, 0x0000000094b00000, 0x0000000094c00000|  0%| F|  |TAMS 0x0000000094b00000| PB 0x0000000094b00000| Untracked |  0
| 332|0x0000000094c00000, 0x0000000094c00000, 0x0000000094d00000|  0%| F|  |TAMS 0x0000000094c00000| PB 0x0000000094c00000| Untracked |  0
| 333|0x0000000094d00000, 0x0000000094d00000, 0x0000000094e00000|  0%| F|  |TAMS 0x0000000094d00000| PB 0x0000000094d00000| Untracked |  0
| 334|0x0000000094e00000, 0x0000000094e00000, 0x0000000094f00000|  0%| F|  |TAMS 0x0000000094e00000| PB 0x0000000094e00000| Untracked |  0
| 335|0x0000000094f00000, 0x0000000094f00000, 0x0000000095000000|  0%| F|  |TAMS 0x0000000094f00000| PB 0x0000000094f00000| Untracked |  0
| 336|0x0000000095000000, 0x0000000095000000, 0x0000000095100000|  0%| F|  |TAMS 0x0000000095000000| PB 0x0000000095000000| Untracked |  0
| 337|0x0000000095100000, 0x0000000095100000, 0x0000000095200000|  0%| F|  |TAMS 0x0000000095100000| PB 0x0000000095100000| Untracked |  0
| 338|0x0000000095200000, 0x0000000095200000, 0x0000000095300000|  0%| F|  |TAMS 0x0000000095200000| PB 0x0000000095200000| Untracked |  0
| 339|0x0000000095300000, 0x0000000095300000, 0x0000000095400000|  0%| F|  |TAMS 0x0000000095300000| PB 0x0000000095300000| Untracked |  0
| 340|0x0000000095400000, 0x0000000095400000, 0x0000000095500000|  0%| F|  |TAMS 0x0000000095400000| PB 0x0000000095400000| Untracked |  0
| 341|0x0000000095500000, 0x0000000095500000, 0x0000000095600000|  0%| F|  |TAMS 0x0000000095500000| PB 0x0000000095500000| Untracked |  0
| 342|0x0000000095600000, 0x0000000095600000, 0x0000000095700000|  0%| F|  |TAMS 0x0000000095600000| PB 0x0000000095600000| Untracked |  0
| 343|0x0000000095700000, 0x0000000095700000, 0x0000000095800000|  0%| F|  |TAMS 0x0000000095700000| PB 0x0000000095700000| Untracked |  0
| 344|0x0000000095800000, 0x0000000095800000, 0x0000000095900000|  0%| F|  |TAMS 0x0000000095800000| PB 0x0000000095800000| Untracked |  0
| 345|0x0000000095900000, 0x0000000095900000, 0x0000000095a00000|  0%| F|  |TAMS 0x0000000095900000| PB 0x0000000095900000| Untracked |  0
| 346|0x0000000095a00000, 0x0000000095a00000, 0x0000000095b00000|  0%| F|  |TAMS 0x0000000095a00000| PB 0x0000000095a00000| Untracked |  0
| 347|0x0000000095b00000, 0x0000000095b00000, 0x0000000095c00000|  0%| F|  |TAMS 0x0000000095b00000| PB 0x0000000095b00000| Untracked |  0
| 348|0x0000000095c00000, 0x0000000095c00000, 0x0000000095d00000|  0%| F|  |TAMS 0x0000000095c00000| PB 0x0000000095c00000| Untracked |  0
| 349|0x0000000095d00000, 0x0000000095d00000, 0x0000000095e00000|  0%| F|  |TAMS 0x0000000095d00000| PB 0x0000000095d00000| Untracked |  0
| 350|0x0000000095e00000, 0x0000000095e00000, 0x0000000095f00000|  0%| F|  |TAMS 0x0000000095e00000| PB 0x0000000095e00000| Untracked |  0
| 351|0x0000000095f00000, 0x0000000095f00000, 0x0000000096000000|  0%| F|  |TAMS 0x0000000095f00000| PB 0x0000000095f00000| Untracked |  0
| 352|0x0000000096000000, 0x0000000096000000, 0x0000000096100000|  0%| F|  |TAMS 0x0000000096000000| PB 0x0000000096000000| Untracked |  0
| 353|0x0000000096100000, 0x0000000096100000, 0x0000000096200000|  0%| F|  |TAMS 0x0000000096100000| PB 0x0000000096100000| Untracked |  0
| 354|0x0000000096200000, 0x0000000096200000, 0x0000000096300000|  0%| F|  |TAMS 0x0000000096200000| PB 0x0000000096200000| Untracked |  0
| 355|0x0000000096300000, 0x0000000096300000, 0x0000000096400000|  0%| F|  |TAMS 0x0000000096300000| PB 0x0000000096300000| Untracked |  0
| 356|0x0000000096400000, 0x0000000096400000, 0x0000000096500000|  0%| F|  |TAMS 0x0000000096400000| PB 0x0000000096400000| Untracked |  0
| 357|0x0000000096500000, 0x0000000096500000, 0x0000000096600000|  0%| F|  |TAMS 0x0000000096500000| PB 0x0000000096500000| Untracked |  0
| 358|0x0000000096600000, 0x0000000096600000, 0x0000000096700000|  0%| F|  |TAMS 0x0000000096600000| PB 0x0000000096600000| Untracked |  0
| 359|0x0000000096700000, 0x0000000096700000, 0x0000000096800000|  0%| F|  |TAMS 0x0000000096700000| PB 0x0000000096700000| Untracked |  0
| 360|0x0000000096800000, 0x0000000096800000, 0x0000000096900000|  0%| F|  |TAMS 0x0000000096800000| PB 0x0000000096800000| Untracked |  0
| 361|0x0000000096900000, 0x0000000096900000, 0x0000000096a00000|  0%| F|  |TAMS 0x0000000096900000| PB 0x0000000096900000| Untracked |  0
| 362|0x0000000096a00000, 0x0000000096a00000, 0x0000000096b00000|  0%| F|  |TAMS 0x0000000096a00000| PB 0x0000000096a00000| Untracked |  0
| 363|0x0000000096b00000, 0x0000000096b00000, 0x0000000096c00000|  0%| F|  |TAMS 0x0000000096b00000| PB 0x0000000096b00000| Untracked |  0
| 364|0x0000000096c00000, 0x0000000096c00000, 0x0000000096d00000|  0%| F|  |TAMS 0x0000000096c00000| PB 0x0000000096c00000| Untracked |  0
| 365|0x0000000096d00000, 0x0000000096d00000, 0x0000000096e00000|  0%| F|  |TAMS 0x0000000096d00000| PB 0x0000000096d00000| Untracked |  0
| 366|0x0000000096e00000, 0x0000000096e00000, 0x0000000096f00000|  0%| F|  |TAMS 0x0000000096e00000| PB 0x0000000096e00000| Untracked |  0
| 367|0x0000000096f00000, 0x0000000096f00000, 0x0000000097000000|  0%| F|  |TAMS 0x0000000096f00000| PB 0x0000000096f00000| Untracked |  0
| 368|0x0000000097000000, 0x0000000097000000, 0x0000000097100000|  0%| F|  |TAMS 0x0000000097000000| PB 0x0000000097000000| Untracked |  0
| 369|0x0000000097100000, 0x0000000097100000, 0x0000000097200000|  0%| F|  |TAMS 0x0000000097100000| PB 0x0000000097100000| Untracked |  0
| 370|0x0000000097200000, 0x0000000097200000, 0x0000000097300000|  0%| F|  |TAMS 0x0000000097200000| PB 0x0000000097200000| Untracked |  0
| 371|0x0000000097300000, 0x0000000097300000, 0x0000000097400000|  0%| F|  |TAMS 0x0000000097300000| PB 0x0000000097300000| Untracked |  0
| 372|0x0000000097400000, 0x0000000097400000, 0x0000000097500000|  0%| F|  |TAMS 0x0000000097400000| PB 0x0000000097400000| Untracked |  0
| 373|0x0000000097500000, 0x0000000097500000, 0x0000000097600000|  0%| F|  |TAMS 0x0000000097500000| PB 0x0000000097500000| Untracked |  0
| 374|0x0000000097600000, 0x0000000097600000, 0x0000000097700000|  0%| F|  |TAMS 0x0000000097600000| PB 0x0000000097600000| Untracked |  0
| 375|0x0000000097700000, 0x0000000097700000, 0x0000000097800000|  0%| F|  |TAMS 0x0000000097700000| PB 0x0000000097700000| Untracked |  0
| 376|0x0000000097800000, 0x0000000097800000, 0x0000000097900000|  0%| F|  |TAMS 0x0000000097800000| PB 0x0000000097800000| Untracked |  0
| 377|0x0000000097900000, 0x0000000097900000, 0x0000000097a00000|  0%| F|  |TAMS 0x0000000097900000| PB 0x0000000097900000| Untracked |  0
| 378|0x0000000097a00000, 0x0000000097a00000, 0x0000000097b00000|  0%| F|  |TAMS 0x0000000097a00000| PB 0x0000000097a00000| Untracked |  0
| 379|0x0000000097b00000, 0x0000000097b00000, 0x0000000097c00000|  0%| F|  |TAMS 0x0000000097b00000| PB 0x0000000097b00000| Untracked |  0
| 380|0x0000000097c00000, 0x0000000097c00000, 0x0000000097d00000|  0%| F|  |TAMS 0x0000000097c00000| PB 0x0000000097c00000| Untracked |  0
| 381|0x0000000097d00000, 0x0000000097d00000, 0x0000000097e00000|  0%| F|  |TAMS 0x0000000097d00000| PB 0x0000000097d00000| Untracked |  0
| 382|0x0000000097e00000, 0x0000000097e00000, 0x0000000097f00000|  0%| F|  |TAMS 0x0000000097e00000| PB 0x0000000097e00000| Untracked |  0
| 383|0x0000000097f00000, 0x0000000097f00000, 0x0000000098000000|  0%| F|  |TAMS 0x0000000097f00000| PB 0x0000000097f00000| Untracked |  0
| 384|0x0000000098000000, 0x00000000980a20c8, 0x0000000098100000| 63%| E|  |TAMS 0x0000000098000000| PB 0x0000000098000000| Complete |  0
| 385|0x0000000098100000, 0x0000000098200000, 0x0000000098200000|100%| E|CS|TAMS 0x0000000098100000| PB 0x0000000098100000| Complete |  0
| 386|0x0000000098200000, 0x0000000098300000, 0x0000000098300000|100%| E|CS|TAMS 0x0000000098200000| PB 0x0000000098200000| Complete |  0
| 387|0x0000000098300000, 0x0000000098400000, 0x0000000098400000|100%| E|CS|TAMS 0x0000000098300000| PB 0x0000000098300000| Complete |  0
| 388|0x0000000098400000, 0x0000000098500000, 0x0000000098500000|100%| E|CS|TAMS 0x0000000098400000| PB 0x0000000098400000| Complete |  0
| 389|0x0000000098500000, 0x0000000098600000, 0x0000000098600000|100%| E|CS|TAMS 0x0000000098500000| PB 0x0000000098500000| Complete |  0
| 390|0x0000000098600000, 0x0000000098700000, 0x0000000098700000|100%| E|CS|TAMS 0x0000000098600000| PB 0x0000000098600000| Complete |  0
| 391|0x0000000098700000, 0x0000000098800000, 0x0000000098800000|100%| E|CS|TAMS 0x0000000098700000| PB 0x0000000098700000| Complete |  0
| 392|0x0000000098800000, 0x0000000098900000, 0x0000000098900000|100%| E|CS|TAMS 0x0000000098800000| PB 0x0000000098800000| Complete |  0
| 393|0x0000000098900000, 0x0000000098a00000, 0x0000000098a00000|100%| E|CS|TAMS 0x0000000098900000| PB 0x0000000098900000| Complete |  0
| 394|0x0000000098a00000, 0x0000000098b00000, 0x0000000098b00000|100%| E|CS|TAMS 0x0000000098a00000| PB 0x0000000098a00000| Complete |  0
| 395|0x0000000098b00000, 0x0000000098c00000, 0x0000000098c00000|100%| E|CS|TAMS 0x0000000098b00000| PB 0x0000000098b00000| Complete |  0
| 396|0x0000000098c00000, 0x0000000098d00000, 0x0000000098d00000|100%| E|CS|TAMS 0x0000000098c00000| PB 0x0000000098c00000| Complete |  0
| 397|0x0000000098d00000, 0x0000000098e00000, 0x0000000098e00000|100%| E|CS|TAMS 0x0000000098d00000| PB 0x0000000098d00000| Complete |  0
| 398|0x0000000098e00000, 0x0000000098f00000, 0x0000000098f00000|100%| E|CS|TAMS 0x0000000098e00000| PB 0x0000000098e00000| Complete |  0
| 399|0x0000000098f00000, 0x0000000099000000, 0x0000000099000000|100%| E|CS|TAMS 0x0000000098f00000| PB 0x0000000098f00000| Complete |  0
| 400|0x0000000099000000, 0x0000000099100000, 0x0000000099100000|100%| E|CS|TAMS 0x0000000099000000| PB 0x0000000099000000| Complete |  0
| 401|0x0000000099100000, 0x0000000099200000, 0x0000000099200000|100%| E|CS|TAMS 0x0000000099100000| PB 0x0000000099100000| Complete |  0
| 402|0x0000000099200000, 0x0000000099300000, 0x0000000099300000|100%| E|CS|TAMS 0x0000000099200000| PB 0x0000000099200000| Complete |  0
| 403|0x0000000099300000, 0x0000000099400000, 0x0000000099400000|100%| E|CS|TAMS 0x0000000099300000| PB 0x0000000099300000| Complete |  0
| 404|0x0000000099400000, 0x0000000099500000, 0x0000000099500000|100%| E|CS|TAMS 0x0000000099400000| PB 0x0000000099400000| Complete |  0
| 405|0x0000000099500000, 0x0000000099600000, 0x0000000099600000|100%| E|CS|TAMS 0x0000000099500000| PB 0x0000000099500000| Complete |  0
| 406|0x0000000099600000, 0x0000000099700000, 0x0000000099700000|100%| E|CS|TAMS 0x0000000099600000| PB 0x0000000099600000| Complete |  0
| 407|0x0000000099700000, 0x0000000099800000, 0x0000000099800000|100%| E|CS|TAMS 0x0000000099700000| PB 0x0000000099700000| Complete |  0
| 408|0x0000000099800000, 0x0000000099900000, 0x0000000099900000|100%| E|  |TAMS 0x0000000099800000| PB 0x0000000099800000| Complete |  0
| 409|0x0000000099900000, 0x0000000099a00000, 0x0000000099a00000|100%| E|CS|TAMS 0x0000000099900000| PB 0x0000000099900000| Complete |  0
| 410|0x0000000099a00000, 0x0000000099b00000, 0x0000000099b00000|100%| E|CS|TAMS 0x0000000099a00000| PB 0x0000000099a00000| Complete |  0
| 411|0x0000000099b00000, 0x0000000099c00000, 0x0000000099c00000|100%| E|CS|TAMS 0x0000000099b00000| PB 0x0000000099b00000| Complete |  0
| 412|0x0000000099c00000, 0x0000000099d00000, 0x0000000099d00000|100%| E|CS|TAMS 0x0000000099c00000| PB 0x0000000099c00000| Complete |  0
| 413|0x0000000099d00000, 0x0000000099e00000, 0x0000000099e00000|100%| E|CS|TAMS 0x0000000099d00000| PB 0x0000000099d00000| Complete |  0
| 414|0x0000000099e00000, 0x0000000099f00000, 0x0000000099f00000|100%| E|CS|TAMS 0x0000000099e00000| PB 0x0000000099e00000| Complete |  0
| 415|0x0000000099f00000, 0x000000009a000000, 0x000000009a000000|100%| E|CS|TAMS 0x0000000099f00000| PB 0x0000000099f00000| Complete |  0
| 416|0x000000009a000000, 0x000000009a100000, 0x000000009a100000|100%| E|CS|TAMS 0x000000009a000000| PB 0x000000009a000000| Complete |  0
| 417|0x000000009a100000, 0x000000009a200000, 0x000000009a200000|100%| E|CS|TAMS 0x000000009a100000| PB 0x000000009a100000| Complete |  0
| 418|0x000000009a200000, 0x000000009a300000, 0x000000009a300000|100%| E|CS|TAMS 0x000000009a200000| PB 0x000000009a200000| Complete |  0
| 419|0x000000009a300000, 0x000000009a400000, 0x000000009a400000|100%| E|CS|TAMS 0x000000009a300000| PB 0x000000009a300000| Complete |  0
| 420|0x000000009a400000, 0x000000009a500000, 0x000000009a500000|100%| E|CS|TAMS 0x000000009a400000| PB 0x000000009a400000| Complete |  0
| 421|0x000000009a500000, 0x000000009a600000, 0x000000009a600000|100%| E|CS|TAMS 0x000000009a500000| PB 0x000000009a500000| Complete |  0
| 422|0x000000009a600000, 0x000000009a700000, 0x000000009a700000|100%| E|CS|TAMS 0x000000009a600000| PB 0x000000009a600000| Complete |  0
| 423|0x000000009a700000, 0x000000009a800000, 0x000000009a800000|100%| E|CS|TAMS 0x000000009a700000| PB 0x000000009a700000| Complete |  0
| 424|0x000000009a800000, 0x000000009a900000, 0x000000009a900000|100%| E|CS|TAMS 0x000000009a800000| PB 0x000000009a800000| Complete |  0
| 425|0x000000009a900000, 0x000000009aa00000, 0x000000009aa00000|100%| E|CS|TAMS 0x000000009a900000| PB 0x000000009a900000| Complete |  0
| 426|0x000000009aa00000, 0x000000009ab00000, 0x000000009ab00000|100%| E|CS|TAMS 0x000000009aa00000| PB 0x000000009aa00000| Complete |  0
| 427|0x000000009ab00000, 0x000000009ac00000, 0x000000009ac00000|100%| E|CS|TAMS 0x000000009ab00000| PB 0x000000009ab00000| Complete |  0
| 428|0x000000009ac00000, 0x000000009ad00000, 0x000000009ad00000|100%| E|CS|TAMS 0x000000009ac00000| PB 0x000000009ac00000| Complete |  0
| 429|0x000000009ad00000, 0x000000009ae00000, 0x000000009ae00000|100%| E|CS|TAMS 0x000000009ad00000| PB 0x000000009ad00000| Complete |  0
| 430|0x000000009ae00000, 0x000000009af00000, 0x000000009af00000|100%| E|CS|TAMS 0x000000009ae00000| PB 0x000000009ae00000| Complete |  0
| 431|0x000000009af00000, 0x000000009b000000, 0x000000009b000000|100%| E|CS|TAMS 0x000000009af00000| PB 0x000000009af00000| Complete |  0
| 432|0x000000009b000000, 0x000000009b100000, 0x000000009b100000|100%| E|CS|TAMS 0x000000009b000000| PB 0x000000009b000000| Complete |  0
| 433|0x000000009b100000, 0x000000009b200000, 0x000000009b200000|100%| E|CS|TAMS 0x000000009b100000| PB 0x000000009b100000| Complete |  0
| 434|0x000000009b200000, 0x000000009b300000, 0x000000009b300000|100%| E|CS|TAMS 0x000000009b200000| PB 0x000000009b200000| Complete |  0
| 435|0x000000009b300000, 0x000000009b400000, 0x000000009b400000|100%| E|CS|TAMS 0x000000009b300000| PB 0x000000009b300000| Complete |  0
| 436|0x000000009b400000, 0x000000009b500000, 0x000000009b500000|100%| E|CS|TAMS 0x000000009b400000| PB 0x000000009b400000| Complete |  0
| 437|0x000000009b500000, 0x000000009b600000, 0x000000009b600000|100%| E|CS|TAMS 0x000000009b500000| PB 0x000000009b500000| Complete |  0
| 438|0x000000009b600000, 0x000000009b700000, 0x000000009b700000|100%| E|CS|TAMS 0x000000009b600000| PB 0x000000009b600000| Complete |  0
| 439|0x000000009b700000, 0x000000009b800000, 0x000000009b800000|100%| E|CS|TAMS 0x000000009b700000| PB 0x000000009b700000| Complete |  0
| 440|0x000000009b800000, 0x000000009b900000, 0x000000009b900000|100%| E|CS|TAMS 0x000000009b800000| PB 0x000000009b800000| Complete |  0
| 441|0x000000009b900000, 0x000000009ba00000, 0x000000009ba00000|100%| E|CS|TAMS 0x000000009b900000| PB 0x000000009b900000| Complete |  0
| 442|0x000000009ba00000, 0x000000009bb00000, 0x000000009bb00000|100%| E|CS|TAMS 0x000000009ba00000| PB 0x000000009ba00000| Complete |  0
| 443|0x000000009bb00000, 0x000000009bc00000, 0x000000009bc00000|100%| E|CS|TAMS 0x000000009bb00000| PB 0x000000009bb00000| Complete |  0
| 444|0x000000009bc00000, 0x000000009bd00000, 0x000000009bd00000|100%| E|CS|TAMS 0x000000009bc00000| PB 0x000000009bc00000| Complete |  0
| 445|0x000000009bd00000, 0x000000009be00000, 0x000000009be00000|100%| E|CS|TAMS 0x000000009bd00000| PB 0x000000009bd00000| Complete |  0
| 446|0x000000009be00000, 0x000000009bf00000, 0x000000009bf00000|100%| E|CS|TAMS 0x000000009be00000| PB 0x000000009be00000| Complete |  0
| 447|0x000000009bf00000, 0x000000009c000000, 0x000000009c000000|100%| E|CS|TAMS 0x000000009bf00000| PB 0x000000009bf00000| Complete |  0
| 448|0x000000009c000000, 0x000000009c100000, 0x000000009c100000|100%| E|CS|TAMS 0x000000009c000000| PB 0x000000009c000000| Complete |  0
| 449|0x000000009c100000, 0x000000009c200000, 0x000000009c200000|100%| E|CS|TAMS 0x000000009c100000| PB 0x000000009c100000| Complete |  0
| 450|0x000000009c200000, 0x000000009c300000, 0x000000009c300000|100%| E|CS|TAMS 0x000000009c200000| PB 0x000000009c200000| Complete |  0
| 451|0x000000009c300000, 0x000000009c400000, 0x000000009c400000|100%| E|CS|TAMS 0x000000009c300000| PB 0x000000009c300000| Complete |  0
| 452|0x000000009c400000, 0x000000009c500000, 0x000000009c500000|100%| E|CS|TAMS 0x000000009c400000| PB 0x000000009c400000| Complete |  0
| 453|0x000000009c500000, 0x000000009c600000, 0x000000009c600000|100%| E|CS|TAMS 0x000000009c500000| PB 0x000000009c500000| Complete |  0
| 454|0x000000009c600000, 0x000000009c700000, 0x000000009c700000|100%| E|CS|TAMS 0x000000009c600000| PB 0x000000009c600000| Complete |  0
| 455|0x000000009c700000, 0x000000009c800000, 0x000000009c800000|100%| E|CS|TAMS 0x000000009c700000| PB 0x000000009c700000| Complete |  0
| 456|0x000000009c800000, 0x000000009c900000, 0x000000009c900000|100%| E|CS|TAMS 0x000000009c800000| PB 0x000000009c800000| Complete |  0
| 457|0x000000009c900000, 0x000000009ca00000, 0x000000009ca00000|100%| E|CS|TAMS 0x000000009c900000| PB 0x000000009c900000| Complete |  0
| 458|0x000000009ca00000, 0x000000009cb00000, 0x000000009cb00000|100%| E|CS|TAMS 0x000000009ca00000| PB 0x000000009ca00000| Complete |  0
| 459|0x000000009cb00000, 0x000000009cc00000, 0x000000009cc00000|100%| E|CS|TAMS 0x000000009cb00000| PB 0x000000009cb00000| Complete |  0
| 460|0x000000009cc00000, 0x000000009cd00000, 0x000000009cd00000|100%| E|CS|TAMS 0x000000009cc00000| PB 0x000000009cc00000| Complete |  0
| 461|0x000000009cd00000, 0x000000009ce00000, 0x000000009ce00000|100%| E|CS|TAMS 0x000000009cd00000| PB 0x000000009cd00000| Complete |  0
| 462|0x000000009ce00000, 0x000000009cf00000, 0x000000009cf00000|100%| E|CS|TAMS 0x000000009ce00000| PB 0x000000009ce00000| Complete |  0
| 463|0x000000009cf00000, 0x000000009d000000, 0x000000009d000000|100%| E|CS|TAMS 0x000000009cf00000| PB 0x000000009cf00000| Complete |  0
| 464|0x000000009d000000, 0x000000009d100000, 0x000000009d100000|100%| E|CS|TAMS 0x000000009d000000| PB 0x000000009d000000| Complete |  0
| 465|0x000000009d100000, 0x000000009d200000, 0x000000009d200000|100%| E|CS|TAMS 0x000000009d100000| PB 0x000000009d100000| Complete |  0
| 466|0x000000009d200000, 0x000000009d300000, 0x000000009d300000|100%| E|CS|TAMS 0x000000009d200000| PB 0x000000009d200000| Complete |  0
| 467|0x000000009d300000, 0x000000009d400000, 0x000000009d400000|100%| E|CS|TAMS 0x000000009d300000| PB 0x000000009d300000| Complete |  0
| 468|0x000000009d400000, 0x000000009d500000, 0x000000009d500000|100%| E|CS|TAMS 0x000000009d400000| PB 0x000000009d400000| Complete |  0
| 469|0x000000009d500000, 0x000000009d600000, 0x000000009d600000|100%| E|CS|TAMS 0x000000009d500000| PB 0x000000009d500000| Complete |  0
| 470|0x000000009d600000, 0x000000009d700000, 0x000000009d700000|100%| E|CS|TAMS 0x000000009d600000| PB 0x000000009d600000| Complete |  0
| 471|0x000000009d700000, 0x000000009d800000, 0x000000009d800000|100%| E|CS|TAMS 0x000000009d700000| PB 0x000000009d700000| Complete |  0
| 472|0x000000009d800000, 0x000000009d900000, 0x000000009d900000|100%| E|CS|TAMS 0x000000009d800000| PB 0x000000009d800000| Complete |  0
| 473|0x000000009d900000, 0x000000009da00000, 0x000000009da00000|100%| E|CS|TAMS 0x000000009d900000| PB 0x000000009d900000| Complete |  0
| 474|0x000000009da00000, 0x000000009db00000, 0x000000009db00000|100%| E|CS|TAMS 0x000000009da00000| PB 0x000000009da00000| Complete |  0
| 475|0x000000009db00000, 0x000000009dc00000, 0x000000009dc00000|100%| E|CS|TAMS 0x000000009db00000| PB 0x000000009db00000| Complete |  0
| 476|0x000000009dc00000, 0x000000009dd00000, 0x000000009dd00000|100%| E|CS|TAMS 0x000000009dc00000| PB 0x000000009dc00000| Complete |  0
| 477|0x000000009dd00000, 0x000000009de00000, 0x000000009de00000|100%| E|CS|TAMS 0x000000009dd00000| PB 0x000000009dd00000| Complete |  0
| 478|0x000000009de00000, 0x000000009df00000, 0x000000009df00000|100%| E|CS|TAMS 0x000000009de00000| PB 0x000000009de00000| Complete |  0
| 479|0x000000009df00000, 0x000000009e000000, 0x000000009e000000|100%| E|CS|TAMS 0x000000009df00000| PB 0x000000009df00000| Complete |  0
| 480|0x000000009e000000, 0x000000009e100000, 0x000000009e100000|100%| E|CS|TAMS 0x000000009e000000| PB 0x000000009e000000| Complete |  0
| 481|0x000000009e100000, 0x000000009e200000, 0x000000009e200000|100%| E|CS|TAMS 0x000000009e100000| PB 0x000000009e100000| Complete |  0
| 482|0x000000009e200000, 0x000000009e300000, 0x000000009e300000|100%| E|CS|TAMS 0x000000009e200000| PB 0x000000009e200000| Complete |  0
| 483|0x000000009e300000, 0x000000009e400000, 0x000000009e400000|100%| E|CS|TAMS 0x000000009e300000| PB 0x000000009e300000| Complete |  0
| 484|0x000000009e400000, 0x000000009e500000, 0x000000009e500000|100%| E|CS|TAMS 0x000000009e400000| PB 0x000000009e400000| Complete |  0
| 485|0x000000009e500000, 0x000000009e600000, 0x000000009e600000|100%| E|CS|TAMS 0x000000009e500000| PB 0x000000009e500000| Complete |  0
| 486|0x000000009e600000, 0x000000009e700000, 0x000000009e700000|100%| E|CS|TAMS 0x000000009e600000| PB 0x000000009e600000| Complete |  0
| 487|0x000000009e700000, 0x000000009e800000, 0x000000009e800000|100%| E|CS|TAMS 0x000000009e700000| PB 0x000000009e700000| Complete |  0
| 488|0x000000009e800000, 0x000000009e900000, 0x000000009e900000|100%| E|CS|TAMS 0x000000009e800000| PB 0x000000009e800000| Complete |  0
| 489|0x000000009e900000, 0x000000009ea00000, 0x000000009ea00000|100%| E|CS|TAMS 0x000000009e900000| PB 0x000000009e900000| Complete |  0
| 490|0x000000009ea00000, 0x000000009eb00000, 0x000000009eb00000|100%| E|CS|TAMS 0x000000009ea00000| PB 0x000000009ea00000| Complete |  0
| 491|0x000000009eb00000, 0x000000009ec00000, 0x000000009ec00000|100%| E|CS|TAMS 0x000000009eb00000| PB 0x000000009eb00000| Complete |  0
| 492|0x000000009ec00000, 0x000000009ed00000, 0x000000009ed00000|100%| E|CS|TAMS 0x000000009ec00000| PB 0x000000009ec00000| Complete |  0
| 493|0x000000009ed00000, 0x000000009ee00000, 0x000000009ee00000|100%| E|CS|TAMS 0x000000009ed00000| PB 0x000000009ed00000| Complete |  0
| 494|0x000000009ee00000, 0x000000009ef00000, 0x000000009ef00000|100%| E|CS|TAMS 0x000000009ee00000| PB 0x000000009ee00000| Complete |  0
| 495|0x000000009ef00000, 0x000000009f000000, 0x000000009f000000|100%| E|CS|TAMS 0x000000009ef00000| PB 0x000000009ef00000| Complete |  0
| 496|0x000000009f000000, 0x000000009f100000, 0x000000009f100000|100%| E|CS|TAMS 0x000000009f000000| PB 0x000000009f000000| Complete |  0
| 497|0x000000009f100000, 0x000000009f200000, 0x000000009f200000|100%| E|CS|TAMS 0x000000009f100000| PB 0x000000009f100000| Complete |  0
| 498|0x000000009f200000, 0x000000009f300000, 0x000000009f300000|100%| E|CS|TAMS 0x000000009f200000| PB 0x000000009f200000| Complete |  0
| 499|0x000000009f300000, 0x000000009f400000, 0x000000009f400000|100%| E|CS|TAMS 0x000000009f300000| PB 0x000000009f300000| Complete |  0
| 500|0x000000009f400000, 0x000000009f500000, 0x000000009f500000|100%| E|CS|TAMS 0x000000009f400000| PB 0x000000009f400000| Complete |  0
| 501|0x000000009f500000, 0x000000009f600000, 0x000000009f600000|100%| E|CS|TAMS 0x000000009f500000| PB 0x000000009f500000| Complete |  0
| 502|0x000000009f600000, 0x000000009f700000, 0x000000009f700000|100%| E|CS|TAMS 0x000000009f600000| PB 0x000000009f600000| Complete |  0
| 503|0x000000009f700000, 0x000000009f800000, 0x000000009f800000|100%| E|CS|TAMS 0x000000009f700000| PB 0x000000009f700000| Complete |  0
| 504|0x000000009f800000, 0x000000009f900000, 0x000000009f900000|100%| E|CS|TAMS 0x000000009f800000| PB 0x000000009f800000| Complete |  0
| 505|0x000000009f900000, 0x000000009fa00000, 0x000000009fa00000|100%| E|CS|TAMS 0x000000009f900000| PB 0x000000009f900000| Complete |  0
| 506|0x000000009fa00000, 0x000000009fb00000, 0x000000009fb00000|100%| E|CS|TAMS 0x000000009fa00000| PB 0x000000009fa00000| Complete |  0
| 507|0x000000009fb00000, 0x000000009fc00000, 0x000000009fc00000|100%| E|CS|TAMS 0x000000009fb00000| PB 0x000000009fb00000| Complete |  0
| 508|0x000000009fc00000, 0x000000009fd00000, 0x000000009fd00000|100%| E|CS|TAMS 0x000000009fc00000| PB 0x000000009fc00000| Complete |  0
| 509|0x000000009fd00000, 0x000000009fe00000, 0x000000009fe00000|100%| E|CS|TAMS 0x000000009fd00000| PB 0x000000009fd00000| Complete |  0
| 510|0x000000009fe00000, 0x000000009ff00000, 0x000000009ff00000|100%| E|CS|TAMS 0x000000009fe00000| PB 0x000000009fe00000| Complete |  0
| 511|0x000000009ff00000, 0x00000000a0000000, 0x00000000a0000000|100%| E|CS|TAMS 0x000000009ff00000| PB 0x000000009ff00000| Complete |  0

Card table byte_map: [0x00000291dd6a0000,0x00000291ddaa0000] _byte_map_base: 0x00000291dd2a0000

Marking Bits: (CMBitMap*) 0x00000291c4bbf310
 Bits: [0x00000291ddaa0000, 0x00000291dfaa0000)

Polling page: 0x00000291c2a00000

Metaspace:

Usage:
  Non-class:     98.46 MB used.
      Class:     16.25 MB used.
       Both:    114.71 MB used.

Virtual space:
  Non-class space:      128.00 MB reserved,      99.75 MB ( 78%) committed,  2 nodes.
      Class space:      416.00 MB reserved,      17.44 MB (  4%) committed,  1 nodes.
             Both:      544.00 MB reserved,     117.19 MB ( 22%) committed. 

Chunk freelists:
   Non-Class:  11.81 MB
       Class:  14.61 MB
        Both:  26.42 MB

MaxMetaspaceSize: 512.00 MB
CompressedClassSpaceSize: 416.00 MB
Initial GC threshold: 21.00 MB
Current GC threshold: 146.56 MB
CDS: on
 - commit_granule_bytes: 65536.
 - commit_granule_words: 8192.
 - virtual_space_node_default_size: 8388608.
 - enlarge_chunks_in_place: 1.
 - use_allocation_guard: 0.


Internal statistics:

num_allocs_failed_limit: 21.
num_arena_births: 4296.
num_arena_deaths: 0.
num_vsnodes_births: 3.
num_vsnodes_deaths: 0.
num_space_committed: 1874.
num_space_uncommitted: 0.
num_chunks_returned_to_freelist: 21.
num_chunks_taken_from_freelist: 9233.
num_chunk_merges: 18.
num_chunk_splits: 6156.
num_chunks_enlarged: 4010.
num_inconsistent_stats: 0.

CodeHeap 'non-profiled nmethods': size=128256Kb used=6787Kb max_used=6787Kb free=121468Kb
 bounds [0x00000291d5560000, 0x00000291d5c10000, 0x00000291dd2a0000]
CodeHeap 'profiled nmethods': size=128192Kb used=21803Kb max_used=21803Kb free=106388Kb
 bounds [0x00000291cd2a0000, 0x00000291ce7f0000, 0x00000291d4fd0000]
CodeHeap 'non-nmethods': size=5696Kb used=3006Kb max_used=3048Kb free=2689Kb
 bounds [0x00000291d4fd0000, 0x00000291d52e0000, 0x00000291d5560000]
CodeCache: size=262144Kb, used=31596Kb, max_used=31638Kb, free=230545Kb
 total_blobs=15102, nmethods=13998, adapters=1008, full_count=0
Compilation: enabled, stopped_count=0, restarted_count=0

Compilation events (20 events):
Event: 74.369 Thread 0x00000291e21ea0b0 nmethod 15318 0x00000291ce7e5c88 code [0x00000291ce7e5dc0, 0x00000291ce7e5f80]
Event: 74.370 Thread 0x00000291e21ea0b0 15319       3       org.gradle.api.internal.artifacts.ivyservice.resolutionstrategy.DefaultCachePolicy::lambda$cacheMissingArtifactsFor$3 (18 bytes)
Event: 74.371 Thread 0x00000291e21ea0b0 nmethod 15319 0x00000291ce7e6008 code [0x00000291ce7e6140, 0x00000291ce7e6438]
Event: 74.374 Thread 0x00000291e21e9450 15320       4       com.google.common.io.CountingInputStream::read (33 bytes)
Event: 74.379 Thread 0x00000291e21ea0b0 15321       3       org.gradle.api.internal.artifacts.ivyservice.resolutionstrategy.DefaultCachePolicy$$Lambda/0x00000291e47ffdd8::execute (16 bytes)
Event: 74.379 Thread 0x00000291e21ea0b0 nmethod 15321 0x00000291ce7e6488 code [0x00000291ce7e65c0, 0x00000291ce7e69b8]
Event: 74.405 Thread 0x00000291e21ea0b0 15322       3       org.gradle.api.internal.artifacts.ivyservice.ivyresolve.ErrorHandlingModuleComponentRepository$ErrorHandlingModuleComponentRepositoryAccess::performOperationWithRetries (19 bytes)
Event: 74.405 Thread 0x00000291e21ea0b0 nmethod 15322 0x00000291ce7e6a08 code [0x00000291ce7e6ba0, 0x00000291ce7e7210]
Event: 74.405 Thread 0x00000291e21ea0b0 15323       3       org.gradle.api.internal.artifacts.ivyservice.ivyresolve.ErrorHandlingModuleComponentRepository$ErrorHandlingModuleComponentRepositoryAccess::tryResolveAndMaybeDisable (13 bytes)
Event: 74.406 Thread 0x00000291e21ea0b0 nmethod 15323 0x00000291ce7e7288 code [0x00000291ce7e7400, 0x00000291ce7e7968]
Event: 74.406 Thread 0x00000291e21ea0b0 15324       3       org.gradle.api.internal.artifacts.ivyservice.ivyresolve.ErrorHandlingModuleComponentRepository$ErrorHandlingModuleComponentRepositoryAccess$$Lambda/0x00000291e482d040::<init> (10 bytes)
Event: 74.406 Thread 0x00000291e21ea0b0 nmethod 15324 0x00000291ce7e7a08 code [0x00000291ce7e7b20, 0x00000291ce7e7cd8]
Event: 74.412 Thread 0x00000291e21ea0b0 15325       3       org.gradle.internal.resolve.result.DefaultBuildableComponentResolveResult::getState (9 bytes)
Event: 74.412 Thread 0x00000291e21ea0b0 nmethod 15325 0x00000291ce7e7d08 code [0x00000291ce7e7e60, 0x00000291ce7e8250]
Event: 74.412 Thread 0x00000291e21ea0b0 15326       3       org.gradle.internal.resolve.result.DefaultBuildableComponentResolveResult::assertResolved (17 bytes)
Event: 74.413 Thread 0x00000291e21ea0b0 nmethod 15326 0x00000291ce7e8288 code [0x00000291ce7e83e0, 0x00000291ce7e8770]
Event: 74.427 Thread 0x00000291e21ea0b0 15328       3       org.gradle.api.internal.artifacts.ivyservice.ivyresolve.RepositoryChainComponentMetaDataResolver::findBestMatch (66 bytes)
Event: 74.428 Thread 0x00000291e21ea0b0 nmethod 15328 0x00000291ce7e8808 code [0x00000291ce7e8a00, 0x00000291ce7e95c8]
Event: 74.428 Thread 0x00000291e21ea0b0 15329       3       org.gradle.internal.resolve.result.DefaultResourceAwareResolveResult::applyTo (47 bytes)
Event: 74.428 Thread 0x00000291e21ea0b0 nmethod 15329 0x00000291ce7e9688 code [0x00000291ce7e9860, 0x00000291ce7ea110]

GC Heap History (20 events):
Event: 7.608 GC heap before
{Heap before GC invocations=7 (full 0):
 garbage-first heap   total reserved 2097152K, committed 524288K, used 137722K [0x0000000080000000, 0x0000000100000000)
  region size 1024K, 117 young (119808K), 4 survivors (4096K)
 Metaspace       used 35011K, committed 35968K, reserved 491520K
  class space    used 5090K, committed 5568K, reserved 425984K
}
Event: 7.629 GC heap after
{Heap after GC invocations=8 (full 0):
 garbage-first heap   total reserved 2097152K, committed 524288K, used 34097K [0x0000000080000000, 0x0000000100000000)
  region size 1024K, 14 young (14336K), 14 survivors (14336K)
 Metaspace       used 35011K, committed 35968K, reserved 491520K
  class space    used 5090K, committed 5568K, reserved 425984K
}
Event: 7.718 GC heap before
{Heap before GC invocations=8 (full 0):
 garbage-first heap   total reserved 2097152K, committed 524288K, used 37169K [0x0000000080000000, 0x0000000100000000)
  region size 1024K, 18 young (18432K), 14 survivors (14336K)
 Metaspace       used 35321K, committed 36288K, reserved 491520K
  class space    used 5138K, committed 5568K, reserved 425984K
}
Event: 7.737 GC heap after
{Heap after GC invocations=9 (full 0):
 garbage-first heap   total reserved 2097152K, committed 524288K, used 35428K [0x0000000080000000, 0x0000000100000000)
  region size 1024K, 2 young (2048K), 2 survivors (2048K)
 Metaspace       used 35321K, committed 36288K, reserved 491520K
  class space    used 5138K, committed 5568K, reserved 425984K
}
Event: 7.784 GC heap before
{Heap before GC invocations=9 (full 0):
 garbage-first heap   total reserved 2097152K, committed 524288K, used 37476K [0x0000000080000000, 0x0000000100000000)
  region size 1024K, 5 young (5120K), 2 survivors (2048K)
 Metaspace       used 35566K, committed 36608K, reserved 491520K
  class space    used 5181K, committed 5696K, reserved 425984K
}
Event: 7.786 GC heap after
{Heap after GC invocations=10 (full 0):
 garbage-first heap   total reserved 2097152K, committed 524288K, used 34077K [0x0000000080000000, 0x0000000100000000)
  region size 1024K, 1 young (1024K), 1 survivors (1024K)
 Metaspace       used 35566K, committed 36608K, reserved 491520K
  class space    used 5181K, committed 5696K, reserved 425984K
}
Event: 11.209 GC heap before
{Heap before GC invocations=11 (full 0):
 garbage-first heap   total reserved 2097152K, committed 524288K, used 209181K [0x0000000080000000, 0x0000000100000000)
  region size 1024K, 166 young (169984K), 1 survivors (1024K)
 Metaspace       used 49263K, committed 51008K, reserved 491520K
  class space    used 7233K, committed 8064K, reserved 425984K
}
Event: 11.225 GC heap after
{Heap after GC invocations=12 (full 0):
 garbage-first heap   total reserved 2097152K, committed 524288K, used 42995K [0x0000000080000000, 0x0000000100000000)
  region size 1024K, 10 young (10240K), 10 survivors (10240K)
 Metaspace       used 49263K, committed 51008K, reserved 491520K
  class space    used 7233K, committed 8064K, reserved 425984K
}
Event: 14.959 GC heap before
{Heap before GC invocations=12 (full 0):
 garbage-first heap   total reserved 2097152K, committed 524288K, used 168947K [0x0000000080000000, 0x0000000100000000)
  region size 1024K, 127 young (130048K), 10 survivors (10240K)
 Metaspace       used 59414K, committed 61376K, reserved 491520K
  class space    used 8797K, committed 9728K, reserved 425984K
}
Event: 14.985 GC heap after
{Heap after GC invocations=13 (full 0):
 garbage-first heap   total reserved 2097152K, committed 524288K, used 56956K [0x0000000080000000, 0x0000000100000000)
  region size 1024K, 17 young (17408K), 17 survivors (17408K)
 Metaspace       used 59414K, committed 61376K, reserved 491520K
  class space    used 8797K, committed 9728K, reserved 425984K
}
Event: 15.018 GC heap before
{Heap before GC invocations=13 (full 0):
 garbage-first heap   total reserved 2097152K, committed 524288K, used 59004K [0x0000000080000000, 0x0000000100000000)
  region size 1024K, 20 young (20480K), 17 survivors (17408K)
 Metaspace       used 59712K, committed 61696K, reserved 491520K
  class space    used 8838K, committed 9792K, reserved 425984K
}
Event: 15.039 GC heap after
{Heap after GC invocations=14 (full 0):
 garbage-first heap   total reserved 2097152K, committed 524288K, used 57043K [0x0000000080000000, 0x0000000100000000)
  region size 1024K, 8 young (8192K), 8 survivors (8192K)
 Metaspace       used 59712K, committed 61696K, reserved 491520K
  class space    used 8838K, committed 9792K, reserved 425984K
}
Event: 19.802 GC heap before
{Heap before GC invocations=15 (full 0):
 garbage-first heap   total reserved 2097152K, committed 524288K, used 301779K [0x0000000080000000, 0x0000000100000000)
  region size 1024K, 244 young (249856K), 8 survivors (8192K)
 Metaspace       used 77735K, committed 79936K, reserved 557056K
  class space    used 11442K, committed 12480K, reserved 425984K
}
Event: 19.835 GC heap after
{Heap after GC invocations=16 (full 0):
 garbage-first heap   total reserved 2097152K, committed 524288K, used 74451K [0x0000000080000000, 0x0000000100000000)
  region size 1024K, 22 young (22528K), 22 survivors (22528K)
 Metaspace       used 77735K, committed 79936K, reserved 557056K
  class space    used 11442K, committed 12480K, reserved 425984K
}
Event: 53.599 GC heap before
{Heap before GC invocations=16 (full 0):
 garbage-first heap   total reserved 2097152K, committed 524288K, used 301779K [0x0000000080000000, 0x0000000100000000)
  region size 1024K, 234 young (239616K), 22 survivors (22528K)
 Metaspace       used 83415K, committed 85632K, reserved 557056K
  class space    used 12161K, committed 13184K, reserved 425984K
}
Event: 53.643 GC heap after
{Heap after GC invocations=17 (full 0):
 garbage-first heap   total reserved 2097152K, committed 524288K, used 99660K [0x0000000080000000, 0x0000000100000000)
  region size 1024K, 30 young (30720K), 30 survivors (30720K)
 Metaspace       used 83415K, committed 85632K, reserved 557056K
  class space    used 12161K, committed 13184K, reserved 425984K
}
Event: 54.582 GC heap before
{Heap before GC invocations=17 (full 0):
 garbage-first heap   total reserved 2097152K, committed 524288K, used 146764K [0x0000000080000000, 0x0000000100000000)
  region size 1024K, 78 young (79872K), 30 survivors (30720K)
 Metaspace       used 87762K, committed 89984K, reserved 557056K
  class space    used 12598K, committed 13632K, reserved 425984K
}
Event: 54.618 GC heap after
{Heap after GC invocations=18 (full 0):
 garbage-first heap   total reserved 2097152K, committed 524288K, used 104448K [0x0000000080000000, 0x0000000100000000)
  region size 1024K, 20 young (20480K), 20 survivors (20480K)
 Metaspace       used 87762K, committed 89984K, reserved 557056K
  class space    used 12598K, committed 13632K, reserved 425984K
}
Event: 63.958 GC heap before
{Heap before GC invocations=19 (full 0):
 garbage-first heap   total reserved 2097152K, committed 524288K, used 402432K [0x0000000080000000, 0x0000000100000000)
  region size 1024K, 306 young (313344K), 20 survivors (20480K)
 Metaspace       used 105690K, committed 108160K, reserved 557056K
  class space    used 15230K, committed 16384K, reserved 425984K
}
Event: 64.100 GC heap after
{Heap after GC invocations=20 (full 0):
 garbage-first heap   total reserved 2097152K, committed 524288K, used 117248K [0x0000000080000000, 0x0000000100000000)
  region size 1024K, 31 young (31744K), 31 survivors (31744K)
 Metaspace       used 105690K, committed 108160K, reserved 557056K
  class space    used 15230K, committed 16384K, reserved 425984K
}

Dll operation events (17 events):
Event: 0.021 Loaded shared library C:\Program Files\Java\jdk-23.0.1\bin\java.dll
Event: 0.062 Loaded shared library C:\Program Files\Java\jdk-23.0.1\bin\jsvml.dll
Event: 0.132 Loaded shared library C:\Program Files\Java\jdk-23.0.1\bin\zip.dll
Event: 0.137 Loaded shared library C:\Program Files\Java\jdk-23.0.1\bin\instrument.dll
Event: 0.145 Loaded shared library C:\Program Files\Java\jdk-23.0.1\bin\net.dll
Event: 0.147 Loaded shared library C:\Program Files\Java\jdk-23.0.1\bin\nio.dll
Event: 0.151 Loaded shared library C:\Program Files\Java\jdk-23.0.1\bin\zip.dll
Event: 0.466 Loaded shared library C:\Program Files\Java\jdk-23.0.1\bin\jimage.dll
Event: 0.680 Loaded shared library C:\Program Files\Java\jdk-23.0.1\bin\verify.dll
Event: 0.929 Loaded shared library C:\Users\hp\.gradle\native\1def1411415f61bf3af743bc5b6707747c0891f09f0c88961ee8f79bc544acac\windows-amd64\native-platform.dll
Event: 0.938 Loaded shared library C:\Users\hp\.gradle\native\0.2.5\x86_64-windows-gnu\gradle-fileevents.dll
Event: 2.219 Loaded shared library C:\Program Files\Java\jdk-23.0.1\bin\management.dll
Event: 2.224 Loaded shared library C:\Program Files\Java\jdk-23.0.1\bin\management_ext.dll
Event: 2.609 Loaded shared library C:\Program Files\Java\jdk-23.0.1\bin\extnet.dll
Event: 2.826 Loaded shared library C:\Program Files\Java\jdk-23.0.1\bin\sunmscapi.dll
Event: 3.676 Loaded shared library C:\Users\hp\AppData\Local\Temp\native-platform6012435798893331553dir\gradle-fileevents.dll
Event: 20.994 Loaded shared library C:\Program Files\Java\jdk-23.0.1\bin\rmi.dll

Deoptimization events (20 events):
Event: 74.218 Thread 0x00000291ff2d6000 Uncommon trap: trap_request=0xffffffde fr.pc=0x00000291d570282c relative=0x000000000000008c
Event: 74.218 Thread 0x00000291ff2d6000 Uncommon trap: reason=class_check action=maybe_recompile pc=0x00000291d570282c method=com.google.common.io.CountingInputStream.read([BII)I @ 7 c2
Event: 74.218 Thread 0x00000291ff2d6000 DEOPT PACKING pc=0x00000291d570282c sp=0x000000c4391f9820
Event: 74.218 Thread 0x00000291ff2d6000 DEOPT UNPACKING pc=0x00000291d5024402 sp=0x000000c4391f9790 mode 2
Event: 74.252 Thread 0x00000291ff2d6000 Uncommon trap: trap_request=0xffffffde fr.pc=0x00000291d5af3330 relative=0x0000000000001730
Event: 74.252 Thread 0x00000291ff2d6000 Uncommon trap: reason=class_check action=maybe_recompile pc=0x00000291d5af3330 method=org.gradle.api.internal.changedetection.state.CachingFileHasher.snapshot(Ljava/io/File;JJ)Lorg/gradle/api/internal/changedetection/state/CachingFileHasher$FileInfo; @ 70
Event: 74.252 Thread 0x00000291ff2d6000 DEOPT PACKING pc=0x00000291d5af3330 sp=0x000000c4391f9bd0
Event: 74.252 Thread 0x00000291ff2d6000 DEOPT UNPACKING pc=0x00000291d5024402 sp=0x000000c4391f9bc0 mode 2
Event: 74.338 Thread 0x00000291ff2d6000 Uncommon trap: trap_request=0xffffffde fr.pc=0x00000291d570282c relative=0x000000000000008c
Event: 74.339 Thread 0x00000291ff2d6000 Uncommon trap: reason=class_check action=maybe_recompile pc=0x00000291d570282c method=com.google.common.io.CountingInputStream.read([BII)I @ 7 c2
Event: 74.339 Thread 0x00000291ff2d6000 DEOPT PACKING pc=0x00000291d570282c sp=0x000000c4391f9820
Event: 74.339 Thread 0x00000291ff2d6000 DEOPT UNPACKING pc=0x00000291d5024402 sp=0x000000c4391f9790 mode 2
Event: 74.339 Thread 0x00000291ff2d6000 Uncommon trap: trap_request=0xffffffde fr.pc=0x00000291d570282c relative=0x000000000000008c
Event: 74.339 Thread 0x00000291ff2d6000 Uncommon trap: reason=class_check action=maybe_recompile pc=0x00000291d570282c method=com.google.common.io.CountingInputStream.read([BII)I @ 7 c2
Event: 74.339 Thread 0x00000291ff2d6000 DEOPT PACKING pc=0x00000291d570282c sp=0x000000c4391f9820
Event: 74.339 Thread 0x00000291ff2d6000 DEOPT UNPACKING pc=0x00000291d5024402 sp=0x000000c4391f9790 mode 2
Event: 74.344 Thread 0x00000291ff2d6000 Uncommon trap: trap_request=0xffffffde fr.pc=0x00000291d5af3330 relative=0x0000000000001730
Event: 74.344 Thread 0x00000291ff2d6000 Uncommon trap: reason=class_check action=maybe_recompile pc=0x00000291d5af3330 method=org.gradle.api.internal.changedetection.state.CachingFileHasher.snapshot(Ljava/io/File;JJ)Lorg/gradle/api/internal/changedetection/state/CachingFileHasher$FileInfo; @ 70
Event: 74.344 Thread 0x00000291ff2d6000 DEOPT PACKING pc=0x00000291d5af3330 sp=0x000000c4391f9bd0
Event: 74.344 Thread 0x00000291ff2d6000 DEOPT UNPACKING pc=0x00000291d5024402 sp=0x000000c4391f9bc0 mode 2

Classes loaded (20 events):
Event: 74.068 Loading class com/sun/crypto/provider/GaloisCounterMode$GCMEncrypt
Event: 74.069 Loading class com/sun/crypto/provider/GaloisCounterMode$GCMEncrypt done
Event: 74.069 Loading class com/sun/crypto/provider/GaloisCounterMode$EncryptOp
Event: 74.069 Loading class com/sun/crypto/provider/GaloisCounterMode$EncryptOp done
Event: 74.070 Loading class javax/net/ssl/SSLEngineResult$HandshakeStatus
Event: 74.071 Loading class javax/net/ssl/SSLEngineResult$HandshakeStatus done
Event: 74.071 Loading class jdk/internal/event/TLSHandshakeEvent
Event: 74.071 Loading class jdk/internal/event/TLSHandshakeEvent done
Event: 74.148 Loading class sun/security/ssl/PostHandshakeContext
Event: 74.148 Loading class sun/security/ssl/PostHandshakeContext done
Event: 74.148 Loading class sun/security/ssl/NewSessionTicket$T13NewSessionTicketMessage
Event: 74.148 Loading class sun/security/ssl/NewSessionTicket$NewSessionTicketMessage
Event: 74.148 Loading class sun/security/ssl/NewSessionTicket$NewSessionTicketMessage done
Event: 74.148 Loading class sun/security/ssl/NewSessionTicket$T13NewSessionTicketMessage done
Event: 74.186 Loading class java/text/ParsePosition
Event: 74.186 Loading class java/text/ParsePosition done
Event: 74.186 Loading class java/text/CalendarBuilder
Event: 74.187 Loading class java/text/CalendarBuilder done
Event: 74.207 Loading class java/io/CharArrayWriter
Event: 74.207 Loading class java/io/CharArrayWriter done

Classes unloaded (0 events):
No events

Classes redefined (0 events):
No events

Internal exceptions (20 events):
Event: 64.693 Thread 0x00000291ff2d6000 Exception <a 'java/lang/ClassNotFoundException'{0x000000009f137de0}: com/android/build/gradle/internal/api/BaseVariantOutputImplCustomizer> (0x000000009f137de0) 
thrown [s\open\src\hotspot\share\classfile\systemDictionary.cpp, line 313]
Event: 64.697 Thread 0x00000291ff2d6000 Exception <a 'java/lang/ClassNotFoundException'{0x000000009f15b970}: com/android/build/gradle/internal/api/ApkVariantOutputImplCustomizer> (0x000000009f15b970) 
thrown [s\open\src\hotspot\share\classfile\systemDictionary.cpp, line 313]
Event: 64.721 Thread 0x00000291ff2d6000 Exception <a 'java/lang/ClassNotFoundException'{0x000000009f1799d0}: com/android/build/gradle/internal/api/ApkVariantOutputImpl_DecoratedCustomizer> (0x000000009f1799d0) 
thrown [s\open\src\hotspot\share\classfile\systemDictionary.cpp, line 313]
Event: 65.711 Thread 0x00000291ff2d6000 Exception <a 'java/lang/ClassNotFoundException'{0x000000009ea64078}: com/android/build/gradle/internal/api/ReadOnlyBuildTypeBeanInfo> (0x000000009ea64078) 
thrown [s\open\src\hotspot\share\classfile\systemDictionary.cpp, line 313]
Event: 65.714 Thread 0x00000291ff2d6000 Exception <a 'java/lang/ClassNotFoundException'{0x000000009ea74d58}: com/android/build/gradle/internal/api/ReadOnlyBaseConfigBeanInfo> (0x000000009ea74d58) 
thrown [s\open\src\hotspot\share\classfile\systemDictionary.cpp, line 313]
Event: 65.718 Thread 0x00000291ff2d6000 Exception <a 'java/lang/ClassNotFoundException'{0x000000009ea85cf0}: com/android/build/gradle/internal/api/ReadOnlyBaseConfigCustomizer> (0x000000009ea85cf0) 
thrown [s\open\src\hotspot\share\classfile\systemDictionary.cpp, line 313]
Event: 65.727 Thread 0x00000291ff2d6000 Exception <a 'java/lang/ClassNotFoundException'{0x000000009eaa7650}: com/android/build/gradle/internal/api/ReadOnlyBuildTypeCustomizer> (0x000000009eaa7650) 
thrown [s\open\src\hotspot\share\classfile\systemDictionary.cpp, line 313]
Event: 67.577 Thread 0x00000291ff2d6000 Exception <a 'java/lang/NoSuchMethodError'{0x000000009bb780f8}: static Lcom/android/build/gradle/internal/profile/ProjectData;.<clinit>()V> (0x000000009bb780f8) 
thrown [s\open\src\hotspot\share\prims\jni.cpp, line 1111]
Event: 67.929 Thread 0x00000291ff2d6000 Exception <a 'sun/nio/fs/WindowsException'{0x000000009b8126c8}> (0x000000009b8126c8) 
thrown [s\open\src\hotspot\share\prims\jni.cpp, line 520]
Event: 68.927 Thread 0x00000291ff2d6000 Exception <a 'java/lang/ClassNotFoundException'{0x000000009aff2fa8}: org/gradle/api/tasks/util/internal/PatternSets$InternalPatternSetBeanInfo> (0x000000009aff2fa8) 
thrown [s\open\src\hotspot\share\classfile\systemDictionary.cpp, line 313]
Event: 68.929 Thread 0x00000291ff2d6000 Exception <a 'java/lang/ClassNotFoundException'{0x000000009affa460}: org/gradle/api/tasks/util/PatternSetBeanInfo> (0x000000009affa460) 
thrown [s\open\src\hotspot\share\classfile\systemDictionary.cpp, line 313]
Event: 68.930 Thread 0x00000291ff2d6000 Exception <a 'java/lang/ClassNotFoundException'{0x000000009ae01b78}: org/gradle/api/tasks/util/PatternSetCustomizer> (0x000000009ae01b78) 
thrown [s\open\src\hotspot\share\classfile\systemDictionary.cpp, line 313]
Event: 68.933 Thread 0x00000291ff2d6000 Exception <a 'java/lang/ClassNotFoundException'{0x000000009ae34160}: org/gradle/api/tasks/util/internal/PatternSets$InternalPatternSetCustomizer> (0x000000009ae34160) 
thrown [s\open\src\hotspot\share\classfile\systemDictionary.cpp, line 313]
Event: 68.963 Thread 0x00000291ff2d6000 Exception <a 'java/lang/IncompatibleClassChangeError'{0x000000009ae76c70}: Found class java.lang.Object, but interface was expected> (0x000000009ae76c70) 
thrown [s\open\src\hotspot\share\interpreter\linkResolver.cpp, line 863]
Event: 68.968 Thread 0x00000291ff2d6000 Exception <a 'java/lang/IncompatibleClassChangeError'{0x000000009ae7baa8}: Found class java.lang.Object, but interface was expected> (0x000000009ae7baa8) 
thrown [s\open\src\hotspot\share\interpreter\linkResolver.cpp, line 863]
Event: 69.084 Thread 0x00000291ff2d6000 Implicit null exception at 0x00000291d5ba57be to 0x00000291d5ba5900
Event: 70.927 Thread 0x00000291ff2d6000 Exception <a 'java/lang/IncompatibleClassChangeError'{0x0000000099fda330}: Found class java.lang.Object, but interface was expected> (0x0000000099fda330) 
thrown [s\open\src\hotspot\share\interpreter\linkResolver.cpp, line 863]
Event: 71.165 Thread 0x00000291ff2d5970 Exception <a 'java/lang/NoSuchMethodError'{0x0000000099f41c20}: static Lorg/gradle/internal/build/event/types/DefaultFileDownloadDescriptor;.<clinit>()V> (0x0000000099f41c20) 
thrown [s\open\src\hotspot\share\prims\jni.cpp, line 1111]
Event: 71.371 Thread 0x00000291ff2d6000 Exception <a 'sun/nio/fs/WindowsException'{0x0000000099a8c718}> (0x0000000099a8c718) 
thrown [s\open\src\hotspot\share\prims\jni.cpp, line 520]
Event: 74.224 Thread 0x00000291ff2d5970 Exception <a 'java/lang/NoSuchMethodError'{0x0000000099f4ad28}: static Lorg/gradle/internal/build/event/types/DefaultFileDownloadSuccessResult;.<clinit>()V> (0x0000000099f4ad28) 
thrown [s\open\src\hotspot\share\prims\jni.cpp, line 1111]

VM Operations (20 events):
Event: 69.102 Executing VM operation: HandshakeAllThreads (Deoptimize)
Event: 69.102 Executing VM operation: HandshakeAllThreads (Deoptimize) done
Event: 69.514 Executing VM operation: HandshakeAllThreads (Deoptimize)
Event: 69.515 Executing VM operation: HandshakeAllThreads (Deoptimize) done
Event: 71.380 Executing VM operation: HandshakeAllThreads (Deoptimize)
Event: 71.381 Executing VM operation: HandshakeAllThreads (Deoptimize) done
Event: 71.402 Executing VM operation: HandshakeAllThreads (Deoptimize)
Event: 71.403 Executing VM operation: HandshakeAllThreads (Deoptimize) done
Event: 71.444 Executing VM operation: HandshakeAllThreads (Deoptimize)
Event: 71.444 Executing VM operation: HandshakeAllThreads (Deoptimize) done
Event: 71.658 Executing VM operation: HandshakeAllThreads (Deoptimize)
Event: 71.659 Executing VM operation: HandshakeAllThreads (Deoptimize) done
Event: 72.070 Executing VM operation: HandshakeAllThreads (Deoptimize)
Event: 72.070 Executing VM operation: HandshakeAllThreads (Deoptimize) done
Event: 72.101 Executing VM operation: HandshakeAllThreads (Deoptimize)
Event: 72.101 Executing VM operation: HandshakeAllThreads (Deoptimize) done
Event: 72.866 Executing VM operation: HandshakeAllThreads (Deoptimize)
Event: 72.866 Executing VM operation: HandshakeAllThreads (Deoptimize) done
Event: 73.053 Executing VM operation: HandshakeAllThreads (Deoptimize)
Event: 73.053 Executing VM operation: HandshakeAllThreads (Deoptimize) done

Memory protections (0 events):
No events

Nmethod flushes (20 events):
Event: 54.796 Thread 0x00000291e20de780 flushing  nmethod 0x00000291cd913688
Event: 54.796 Thread 0x00000291e20de780 flushing  nmethod 0x00000291cd922788
Event: 54.796 Thread 0x00000291e20de780 flushing  nmethod 0x00000291cd93a888
Event: 54.796 Thread 0x00000291e20de780 flushing  nmethod 0x00000291cd948008
Event: 54.796 Thread 0x00000291e20de780 flushing  nmethod 0x00000291cd982688
Event: 54.796 Thread 0x00000291e20de780 flushing  nmethod 0x00000291cd99f088
Event: 54.796 Thread 0x00000291e20de780 flushing  nmethod 0x00000291cda23588
Event: 54.796 Thread 0x00000291e20de780 flushing  nmethod 0x00000291cda26808
Event: 54.796 Thread 0x00000291e20de780 flushing  nmethod 0x00000291cda27088
Event: 54.796 Thread 0x00000291e20de780 flushing  nmethod 0x00000291cda2e208
Event: 54.796 Thread 0x00000291e20de780 flushing  nmethod 0x00000291cda2e808
Event: 54.796 Thread 0x00000291e20de780 flushing  nmethod 0x00000291cda2f988
Event: 54.796 Thread 0x00000291e20de780 flushing  nmethod 0x00000291cda62388
Event: 54.796 Thread 0x00000291e20de780 flushing  nmethod 0x00000291cda63388
Event: 54.796 Thread 0x00000291e20de780 flushing  nmethod 0x00000291cdafea88
Event: 54.796 Thread 0x00000291e20de780 flushing  nmethod 0x00000291cdb22708
Event: 54.796 Thread 0x00000291e20de780 flushing  nmethod 0x00000291cdb83708
Event: 54.796 Thread 0x00000291e20de780 flushing  nmethod 0x00000291cdb84808
Event: 54.796 Thread 0x00000291e20de780 flushing  nmethod 0x00000291cdbd8508
Event: 54.796 Thread 0x00000291e20de780 flushing  nmethod 0x00000291cdc0da88

Events (20 events):
Event: 63.626 Thread 0x0000029184644320 Thread exited: 0x0000029184644320
Event: 66.219 Thread 0x00000291e21e9450 Thread added: 0x00000291846405d0
Event: 66.702 Thread 0x00000291846405d0 Thread exited: 0x00000291846405d0
Event: 67.219 Thread 0x00000291ff2d52e0 Thread added: 0x000002918506d930
Event: 67.283 Thread 0x00000291e21ea0b0 Thread added: 0x0000029184644320
Event: 67.420 Thread 0x0000029184644320 Thread exited: 0x0000029184644320
Event: 67.937 Thread 0x00000291ff2d6000 Thread added: 0x000002918506d2a0
Event: 68.775 Thread 0x00000291ff2d6000 Thread added: 0x000002918506b860
Event: 68.775 Thread 0x00000291ff2d6000 Thread added: 0x000002918506dfc0
Event: 68.775 Thread 0x00000291ff2d6000 Thread added: 0x000002918506b1d0
Event: 70.524 Thread 0x00000291ff2d6000 Thread added: 0x000002918506fa00
Event: 70.524 Thread 0x00000291ff2d6000 Thread added: 0x00000291850727f0
Event: 70.524 Thread 0x00000291ff2d6000 Thread added: 0x0000029185070090
Event: 70.981 Thread 0x00000291ff2d6000 Thread added: 0x000002918506c580
Event: 72.190 Thread 0x00000291e21ea0b0 Thread added: 0x000002918752f690
Event: 72.767 Thread 0x000002918752f690 Thread exited: 0x000002918752f690
Event: 73.246 Thread 0x00000291e21ea0b0 Thread added: 0x000002918752efc0
Event: 73.469 Thread 0x000002918752efc0 Thread exited: 0x000002918752efc0
Event: 73.779 Thread 0x00000291e21ea0b0 Thread added: 0x000002918752e220
Event: 74.177 Thread 0x000002918752e220 Thread exited: 0x000002918752e220


Dynamic libraries:
0x00007ff751100000 - 0x00007ff751110000 	C:\Program Files\Java\jdk-23.0.1\bin\java.exe
0x00007ffc6e5f0000 - 0x00007ffc6e7e8000 	C:\Windows\SYSTEM32\ntdll.dll
0x00007ffc6d9e0000 - 0x00007ffc6daa2000 	C:\Windows\System32\KERNEL32.DLL
0x00007ffc6c110000 - 0x00007ffc6c406000 	C:\Windows\System32\KERNELBASE.dll
0x00007ffc6bc80000 - 0x00007ffc6bd80000 	C:\Windows\System32\ucrtbase.dll
0x00007ffc516f0000 - 0x00007ffc51707000 	C:\Program Files\Java\jdk-23.0.1\bin\jli.dll
0x00007ffc4b980000 - 0x00007ffc4b99b000 	C:\Program Files\Java\jdk-23.0.1\bin\VCRUNTIME140.dll
0x00007ffc6db30000 - 0x00007ffc6dcd1000 	C:\Windows\System32\USER32.dll
0x00007ffc6bea0000 - 0x00007ffc6bec2000 	C:\Windows\System32\win32u.dll
0x00007ffc6b020000 - 0x00007ffc6b2bb000 	C:\Windows\WinSxS\amd64_microsoft.windows.common-controls_6595b64144ccf1df_6.0.19041.6456_none_60b8a6cb71f64256\COMCTL32.dll
0x00007ffc6e460000 - 0x00007ffc6e48b000 	C:\Windows\System32\GDI32.dll
0x00007ffc6d400000 - 0x00007ffc6d49e000 	C:\Windows\System32\msvcrt.dll
0x00007ffc6c4f0000 - 0x00007ffc6c609000 	C:\Windows\System32\gdi32full.dll
0x00007ffc6be00000 - 0x00007ffc6be9d000 	C:\Windows\System32\msvcp_win.dll
0x00007ffc6c610000 - 0x00007ffc6c63f000 	C:\Windows\System32\IMM32.DLL
0x00007ffc651c0000 - 0x00007ffc651cc000 	C:\Program Files\Java\jdk-23.0.1\bin\vcruntime140_1.dll
0x00007ffc37080000 - 0x00007ffc3710e000 	C:\Program Files\Java\jdk-23.0.1\bin\msvcp140.dll
0x00007ffbdf660000 - 0x00007ffbe03af000 	C:\Program Files\Java\jdk-23.0.1\bin\server\jvm.dll
0x00007ffc6c8a0000 - 0x00007ffc6c951000 	C:\Windows\System32\ADVAPI32.dll
0x00007ffc6d0c0000 - 0x00007ffc6d15f000 	C:\Windows\System32\sechost.dll
0x00007ffc6d2e0000 - 0x00007ffc6d400000 	C:\Windows\System32\RPCRT4.dll
0x00007ffc6c030000 - 0x00007ffc6c057000 	C:\Windows\System32\bcrypt.dll
0x00007ffc6d910000 - 0x00007ffc6d97b000 	C:\Windows\System32\WS2_32.dll
0x00007ffc6b6c0000 - 0x00007ffc6b70b000 	C:\Windows\SYSTEM32\POWRPROF.dll
0x00007ffc59dc0000 - 0x00007ffc59de7000 	C:\Windows\SYSTEM32\WINMM.dll
0x00007ffc59e20000 - 0x00007ffc59e2a000 	C:\Windows\SYSTEM32\VERSION.dll
0x00007ffc6b2c0000 - 0x00007ffc6b2d2000 	C:\Windows\SYSTEM32\UMPDC.dll
0x00007ffc69450000 - 0x00007ffc69462000 	C:\Windows\SYSTEM32\kernel.appcore.dll
0x00007ffc595a0000 - 0x00007ffc595aa000 	C:\Program Files\Java\jdk-23.0.1\bin\jimage.dll
0x00007ffc6b4b0000 - 0x00007ffc6b6b1000 	C:\Windows\SYSTEM32\DBGHELP.DLL
0x00007ffc6b3f0000 - 0x00007ffc6b424000 	C:\Windows\SYSTEM32\dbgcore.DLL
0x00007ffc6c460000 - 0x00007ffc6c4e2000 	C:\Windows\System32\bcryptPrimitives.dll
0x00007ffc58b10000 - 0x00007ffc58b1f000 	C:\Program Files\Java\jdk-23.0.1\bin\instrument.dll
0x00007ffc4b960000 - 0x00007ffc4b97e000 	C:\Program Files\Java\jdk-23.0.1\bin\java.dll
0x00007ffc6c770000 - 0x00007ffc6c89b000 	C:\Windows\System32\ole32.dll
0x00007ffc6c9c0000 - 0x00007ffc6cd14000 	C:\Windows\System32\combase.dll
0x00007ffc6dcf0000 - 0x00007ffc6e460000 	C:\Windows\System32\SHELL32.dll
0x00007ffc69650000 - 0x00007ffc69df5000 	C:\Windows\SYSTEM32\windows.storage.dll
0x00007ffc6af80000 - 0x00007ffc6afab000 	C:\Windows\SYSTEM32\Wldp.dll
0x00007ffc6c640000 - 0x00007ffc6c70d000 	C:\Windows\System32\OLEAUT32.dll
0x00007ffc6d210000 - 0x00007ffc6d2bd000 	C:\Windows\System32\SHCORE.dll
0x00007ffc6d980000 - 0x00007ffc6d9db000 	C:\Windows\System32\shlwapi.dll
0x00007ffc6bbb0000 - 0x00007ffc6bbd4000 	C:\Windows\SYSTEM32\profapi.dll
0x00007ffc35980000 - 0x00007ffc35a57000 	C:\Program Files\Java\jdk-23.0.1\bin\jsvml.dll
0x00007ffc410f0000 - 0x00007ffc41107000 	C:\Program Files\Java\jdk-23.0.1\bin\zip.dll
0x00007ffc51300000 - 0x00007ffc51310000 	C:\Program Files\Java\jdk-23.0.1\bin\net.dll
0x00007ffc6ac60000 - 0x00007ffc6acca000 	C:\Windows\system32\mswsock.dll
0x00007ffc3fca0000 - 0x00007ffc3fcb6000 	C:\Program Files\Java\jdk-23.0.1\bin\nio.dll
0x00007ffc4f480000 - 0x00007ffc4f490000 	C:\Program Files\Java\jdk-23.0.1\bin\verify.dll
0x00007ffc4f7f0000 - 0x00007ffc4f817000 	C:\Users\hp\.gradle\native\1def1411415f61bf3af743bc5b6707747c0891f09f0c88961ee8f79bc544acac\windows-amd64\native-platform.dll
0x000000005eca0000 - 0x000000005ed13000 	C:\Users\hp\.gradle\native\0.2.5\x86_64-windows-gnu\gradle-fileevents.dll
0x00007ffc4ae10000 - 0x00007ffc4ae1a000 	C:\Program Files\Java\jdk-23.0.1\bin\management.dll
0x00007ffc4ac50000 - 0x00007ffc4ac5b000 	C:\Program Files\Java\jdk-23.0.1\bin\management_ext.dll
0x00007ffc6dce0000 - 0x00007ffc6dce8000 	C:\Windows\System32\PSAPI.DLL
0x00007ffc6b9f0000 - 0x00007ffc6ba08000 	C:\Windows\SYSTEM32\CRYPTSP.dll
0x00007ffc6a660000 - 0x00007ffc6a698000 	C:\Windows\system32\rsaenh.dll
0x00007ffc6bb70000 - 0x00007ffc6bb9e000 	C:\Windows\SYSTEM32\USERENV.dll
0x00007ffc6ae90000 - 0x00007ffc6ae9c000 	C:\Windows\SYSTEM32\CRYPTBASE.dll
0x00007ffc6a9c0000 - 0x00007ffc6a9fb000 	C:\Windows\SYSTEM32\IPHLPAPI.DLL
0x00007ffc6d2d0000 - 0x00007ffc6d2d8000 	C:\Windows\System32\NSI.dll
0x00007ffc4a660000 - 0x00007ffc4a669000 	C:\Program Files\Java\jdk-23.0.1\bin\extnet.dll
0x00007ffc44570000 - 0x00007ffc4457e000 	C:\Program Files\Java\jdk-23.0.1\bin\sunmscapi.dll
0x00007ffc6bed0000 - 0x00007ffc6c02d000 	C:\Windows\System32\CRYPT32.dll
0x00007ffc6aff0000 - 0x00007ffc6b017000 	C:\Windows\SYSTEM32\ncrypt.dll
0x00007ffc6afb0000 - 0x00007ffc6afeb000 	C:\Windows\SYSTEM32\NTASN1.dll
0x00007ffc52470000 - 0x00007ffc52477000 	C:\Windows\system32\wshunix.dll
0x000000005eba0000 - 0x000000005ec13000 	C:\Users\hp\AppData\Local\Temp\native-platform6012435798893331553dir\gradle-fileevents.dll
0x00007ffc57dc0000 - 0x00007ffc57dd7000 	C:\Windows\system32\napinsp.dll
0x00007ffc57c20000 - 0x00007ffc57c3b000 	C:\Windows\system32\pnrpnsp.dll
0x00007ffc57c00000 - 0x00007ffc57c1d000 	C:\Windows\system32\wshbth.dll
0x00007ffc64e80000 - 0x00007ffc64e9d000 	C:\Windows\system32\NLAapi.dll
0x00007ffc6aa00000 - 0x00007ffc6aaca000 	C:\Windows\SYSTEM32\DNSAPI.dll
0x00007ffc57be0000 - 0x00007ffc57bf2000 	C:\Windows\System32\winrnr.dll
0x00007ffc5e130000 - 0x00007ffc5e13a000 	C:\Windows\System32\rasadhlp.dll
0x00007ffc5f690000 - 0x00007ffc5f710000 	C:\Windows\System32\fwpuclnt.dll
0x00007ffc41ff0000 - 0x00007ffc41ff7000 	C:\Program Files\Java\jdk-23.0.1\bin\rmi.dll

dbghelp: loaded successfully - version: 4.0.5 - missing functions: none
symbol engine: initialized successfully - sym options: 0x614 - pdb path: .;C:\Program Files\Java\jdk-23.0.1\bin;C:\Windows\SYSTEM32;C:\Windows\WinSxS\amd64_microsoft.windows.common-controls_6595b64144ccf1df_6.0.19041.6456_none_60b8a6cb71f64256;C:\Program Files\Java\jdk-23.0.1\bin\server;C:\Users\hp\.gradle\native\1def1411415f61bf3af743bc5b6707747c0891f09f0c88961ee8f79bc544acac\windows-amd64;C:\Users\hp\.gradle\native\0.2.5\x86_64-windows-gnu;C:\Users\hp\AppData\Local\Temp\native-platform6012435798893331553dir

VM Arguments:
jvm_args: --add-opens=java.base/java.lang=ALL-UNNAMED --add-opens=java.base/java.lang.invoke=ALL-UNNAMED --add-opens=java.base/java.util=ALL-UNNAMED --add-opens=java.prefs/java.util.prefs=ALL-UNNAMED --add-exports=jdk.compiler/com.sun.tools.javac.api=ALL-UNNAMED --add-exports=jdk.compiler/com.sun.tools.javac.util=ALL-UNNAMED --add-opens=java.base/java.util=ALL-UNNAMED --add-opens=java.prefs/java.util.prefs=ALL-UNNAMED --add-opens=java.base/java.nio.charset=ALL-UNNAMED --add-opens=java.base/java.net=ALL-UNNAMED --add-opens=java.base/java.util.concurrent.atomic=ALL-UNNAMED --add-opens=java.xml/javax.xml.namespace=ALL-UNNAMED -XX:MaxMetaspaceSize=512m -XX:ReservedCodeCacheSize=256m -XX:+HeapDumpOnOutOfMemoryError -Xms512m -Xmx2048m -Dfile.encoding=UTF-8 -Duser.country=LY -Duser.language=ar -Duser.variant -javaagent:C:\Users\hp\.gradle\wrapper\dists\gradle-8.12-all\ejduaidbjup3bmmkhw3rie4zb\gradle-8.12\lib\agents\gradle-instrumentation-agent-8.12.jar 
java_command: org.gradle.launcher.daemon.bootstrap.GradleDaemon 8.12
java_class_path (initial): C:\Users\hp\.gradle\wrapper\dists\gradle-8.12-all\ejduaidbjup3bmmkhw3rie4zb\gradle-8.12\lib\gradle-daemon-main-8.12.jar
Launcher Type: SUN_STANDARD

[Global flags]
     intx CICompilerCount                          = 3                                         {product} {ergonomic}
   size_t CompressedClassSpaceSize                 = 436207616                                 {product} {ergonomic}
     uint ConcGCThreads                            = 1                                         {product} {ergonomic}
     uint G1ConcRefinementThreads                  = 4                                         {product} {ergonomic}
   size_t G1HeapRegionSize                         = 1048576                                   {product} {ergonomic}
     bool HeapDumpOnOutOfMemoryError               = true                                   {manageable} {command line}
   size_t InitialHeapSize                          = 536870912                                 {product} {command line}
   size_t MarkStackSize                            = 4194304                                   {product} {ergonomic}
   size_t MarkStackSizeMax                         = 536870912                                 {product} {ergonomic}
   size_t MaxHeapSize                              = 2147483648                                {product} {command line}
   size_t MaxMetaspaceSize                         = 536870912                                 {product} {command line}
   size_t MaxNewSize                               = 1287651328                                {product} {ergonomic}
   size_t MinHeapDeltaBytes                        = 1048576                                   {product} {ergonomic}
   size_t MinHeapSize                              = 536870912                                 {product} {command line}
    uintx NonNMethodCodeHeapSize                   = 5832704                                {pd product} {ergonomic}
    uintx NonProfiledCodeHeapSize                  = 131334144                              {pd product} {ergonomic}
    uintx ProfiledCodeHeapSize                     = 131268608                              {pd product} {ergonomic}
    uintx ReservedCodeCacheSize                    = 268435456                              {pd product} {command line, ergonomic}
     bool SegmentedCodeCache                       = true                                      {product} {ergonomic}
   size_t SoftMaxHeapSize                          = 2147483648                             {manageable} {ergonomic}
     bool UseCompressedOops                        = true                           {product lp64_product} {ergonomic}
     bool UseG1GC                                  = true                                      {product} {ergonomic}
     bool UseLargePagesIndividualAllocation        = false                                  {pd product} {ergonomic}

Logging:
Log output configuration:
 #0: stdout all=warning uptime,level,tags foldmultilines=false
 #1: stderr all=off uptime,level,tags foldmultilines=false

Environment Variables:
JAVA_HOME=C:\Program Files\Java\jdk-23.0.1
PATH=C:\Program Files (x86)\Common Files\Oracle\Java\javapath;C:\Windows\system32;C:\Windows;C:\Windows\System32\Wbem;C:\Windows\System32\WindowsPowerShell\v1.0\;C:\Windows\System32\OpenSSH\;C:\Program Files (x86)\Microsoft SQL Server\160\DTS\Binn\;C:\Program Files\Azure Data Studio\bin;C:\Program Files (x86)\HP\HP OCR\DB_Lib\;C:\Maven\bin;C:\Program Files\Java\jdk-23.0.1\bin;C:\Program Files\dotnet\;C:\Program Files\Git\cmd;C:\Users\hp\.config\herd\bin\nvm;C:\Program Files\nodejs;C:\xampp\php;C:\Users\hp\.config\herd\bin;C:\Users\hp\AppData\Local\Microsoft\WindowsApps;C:\Program Files\Azure Data Studio\bin;C:\Users\hp\AppData\Local\Programs\Microsoft VS Code\bin;C:\Users\hp\Documents\flutter;C:\Users\hp\Documents\flutter\bin;C:\xampp\php;C:\Users\hp\AppData\Local\GitHubDesktop\bin
USERNAME=hp
OS=Windows_NT
PROCESSOR_IDENTIFIER=Intel64 Family 6 Model 60 Stepping 3, GenuineIntel
TMP=C:\Users\hp\AppData\Local\Temp
TEMP=C:\Users\hp\AppData\Local\Temp




Periodic native trim disabled

---------------  S Y S T E M  ---------------

OS:
 Windows 10 , 64 bit Build 19041 (10.0.19041.5915)
OS uptime: 0 days 1:29 hours

CPU: total 4 (initial active 4) (2 cores per cpu, 2 threads per core) family 6 model 60 stepping 3 microcode 0x27, cx8, cmov, fxsr, ht, mmx, sse, sse2, sse3, ssse3, sse4.1, sse4.2, popcnt, lzcnt, tsc, tscinvbit, avx, avx2, aes, erms, clmul, bmi1, bmi2, fma, vzeroupper, clflush, rdtscp, f16c
Processor Information for the first 4 processors :
  Max Mhz: 2601, Current Mhz: 2601, Mhz Limit: 2601

Memory: 4k page, system-wide physical 8105M (383M free)
TotalPageFile size 12002M (AvailPageFile size 4M)
current process WorkingSet (physical memory assigned to process): 490M, peak: 634M
current process commit charge ("private bytes"): 870M, peak: 871M

vm_info: Java HotSpot(TM) 64-Bit Server VM (23.0.1+11-39) for windows-amd64 JRE (23.0.1+11-39), built on 2024-09-30T07:20:43Z with MS VC++ 17.6 (VS2022)

END.
